CustomerID,Gender,Age,AnnualIncome,SpendingScore
1,Female,31,94592,97
2,Male,22,27314,28
3,Male,57,91395,52
4,Male,25,27164,21
5,Male,64,106062,76
6,Male,33,78618,20
7,Male,51,135392,67
8,Female,21,31029,7
9,Female,29,31763,24
10,Female,35,35054,8
11,Female,27,38089,25
12,Male,34,105203,52
13,Female,32,45229,26
14,Male,45,69714,43
15,Male,31,63283,37
16,Male,64,102431,96
17,Male,30,35147,13
18,Male,33,122504,64
19,Male,33,66290,24
20,Female,43,121245,91
21,Male,29,70071,36
22,Female,35,38394,13
23,Male,53,132350,64
24,Male,35,144686,98
25,Female,23,25008,30
26,Female,54,88326,74
27,Male,65,112953,50
28,Female,51,114973,57
29,Female,39,50365,20
30,Female,62,103416,56
31,Female,42,146540,59
32,Female,34,37674,5
33,Female,28,41276,43
34,Male,25,21898,23
35,Male,20,35924,29
36,Female,35,35574,10
37,Male,43,135461,84
38,Female,55,120857,92
39,Male,39,73919,27
40,Male,28,22098,5
41,Male,30,108864,54
42,Male,19,22208,15
43,Female,47,111195,92
44,Female,22,37669,28
45,Male,31,35498,11
46,Female,29,34124,18
47,Male,46,43550,26
48,Male,50,62236,26
49,Male,35,26232,19
50,Male,33,52025,49
51,Male,35,34520,8
52,Male,35,81934,98
53,Male,33,33317,20
54,Male,30,43842,44
55,Female,50,57380,49
56,Male,46,76422,51
57,Male,24,29722,6
58,Female,33,121104,53
59,Male,40,149615,53
60,Male,20,22245,26
61,Male,43,47856,35
62,Female,56,90745,92
63,Male,46,53386,40
64,Female,29,65938,39
65,Male,25,44754,49
66,Female,24,37617,21
67,Female,20,31436,12
68,Female,39,50338,54
69,Female,30,149329,92
70,Male,38,93577,66
71,Female,22,38128,13
72,Female,51,107607,63
73,Male,46,144032,53
74,Male,47,135518,52
75,Male,45,48573,36
76,Female,65,137912,95
77,Male,37,81267,54
78,Male,53,84722,87
79,Female,26,48352,39
80,Male,24,31724,26
81,Female,52,93473,99
82,Male,45,100257,60
83,Female,30,41624,41
84,Male,47,112527,60
85,Male,40,42537,34
86,Male,34,62915,34
87,Female,30,26328,15
88,Female,29,29146,25
89,Female,31,123404,57
90,Male,26,39024,6
91,Female,52,136959,96
92,Female,41,79728,27
93,Female,46,104914,52
94,Male,35,37036,26
95,Female,27,68265,41
96,Female,49,96334,82
97,Female,50,133528,75
98,Female,42,96683,76
99,Male,49,102810,75
100,Female,31,58803,47
101,Female,39,68952,33
102,Female,35,102241,68
103,Male,27,27696,12
104,Female,19,20800,12
105,Male,59,89545,76
106,Male,61,130328,75
107,Female,21,20181,29
108,Male,34,25763,19
109,Male,37,112662,79
110,Female,42,74808,58
111,Female,38,73081,55
112,Male,32,35554,13
113,Male,63,116347,81
114,Male,27,68827,38
115,Male,35,62010,54
116,Male,25,24942,17
117,Female,34,108043,76
118,Male,39,75560,46
119,Male,30,33767,29
120,Female,60,129857,50
121,Male,38,65558,54
122,Female,33,54380,47
123,Female,28,32742,26
124,Male,59,101632,58
125,Male,43,78790,21
126,Male,38,136179,79
127,Male,30,28524,15
128,Female,35,61420,44
129,Male,27,56532,50
130,Male,52,86826,64
131,Male,31,85276,65
132,Female,25,24993,9
133,Female,43,94993,79
134,Male,44,50996,58
135,Male,21,30192,23
136,Female,46,77735,44
137,Male,34,105995,87
138,Male,21,29882,30
139,Male,38,74913,43
140,Female,30,124725,76
141,Female,29,34205,25
142,Female,57,100052,61
143,Female,59,143372,77
144,Female,27,56088,37
145,Male,30,35227,15
146,Male,30,61300,51
147,Female,35,56931,37
148,Male,63,81330,62
149,Male,33,33317,22
150,Male,61,142402,78
151,Male,25,29641,17
152,Female,36,78112,50
153,Female,35,76070,42
154,Male,33,60094,34
155,Male,50,105242,57
156,Female,33,27090,13
157,Female,27,26360,12
158,Male,18,29904,27
159,Female,26,42982,55
160,Male,61,96551,56
161,Female,60,117268,80
162,Female,26,52082,36
163,Male,30,22141,20
164,Female,39,87026,59
165,Female,21,28132,22
166,Female,63,109581,74
167,Female,43,59487,47
168,Male,36,87894,98
169,Male,46,107659,92
170,Male,23,27859,22
171,Female,31,20087,19
172,Female,32,42139,38
173,Male,34,139510,93
174,Female,46,78652,32
175,Male,25,37844,25
176,Male,27,49321,23
177,Female,48,78996,56
178,Female,39,48149,39
179,Female,42,72798,51
180,Female,19,39596,18
181,Male,31,112816,55
182,Male,47,82719,86
183,Female,34,35417,25
184,Female,43,51894,47
185,Female,29,35401,18
186,Female,30,46855,41
187,Female,48,144942,92
188,Female,59,84809,55
189,Male,28,61186,45
190,Male,56,140552,53
191,Female,61,127419,90
192,Male,26,26670,22
193,Male,47,68712,51
194,Male,25,39951,27
195,Female,25,76099,55
196,Male,21,27362,19
197,Female,61,100181,95
198,Female,56,115838,80
199,Female,35,34967,9
200,Male,34,39640,28
201,Female,31,29052,15
202,Female,27,29268,23
203,Female,35,34632,20
204,Female,49,76170,54
205,Female,31,61088,35
206,Female,19,33460,15
207,Male,54,129968,92
208,Female,29,42426,52
209,Female,21,34427,21
210,Male,31,24723,25
211,Female,26,35384,15
212,Female,51,90527,93
213,Male,42,71978,22
214,Male,25,29416,28
215,Male,49,46451,60
216,Male,47,50902,39
217,Female,19,30629,14
218,Female,29,68225,35
219,Male,40,103600,61
220,Male,45,130140,81
221,Female,26,35110,19
222,Male,59,81231,68
223,Female,29,34474,23
224,Female,46,135615,79
225,Male,33,32605,8
226,Female,36,77481,56
227,Female,31,118696,92
228,Female,43,40530,23
229,Male,44,55081,42
230,Male,46,104920,93
231,Female,32,92735,69
232,Male,29,38991,28
233,Female,28,29670,28
234,Female,22,26579,30
235,Female,47,145771,60
236,Male,48,59342,41
237,Female,29,44934,34
238,Female,35,127942,100
239,Female,35,28665,8
240,Female,43,57181,44
241,Female,33,27661,5
242,Female,34,109015,90
243,Male,56,119608,57
244,Male,27,21219,20
245,Female,35,27693,9
246,Female,46,64314,54
247,Male,56,100253,91
248,Female,33,66746,22
249,Female,32,34528,12
250,Female,35,32036,25
251,Male,26,33046,11
252,Male,46,46007,33
253,Male,25,30928,9
254,Male,24,38160,23
255,Male,22,30766,30
256,Female,29,49482,54
257,Male,18,23602,9
258,Male,43,55593,40
259,Female,19,28695,9
260,Female,34,94896,80
261,Female,43,73635,26
262,Female,32,109038,96
263,Female,26,42041,50
264,Male,40,47075,48
265,Male,22,30554,7
266,Female,42,78362,40
267,Female,48,149541,79
268,Male,35,23749,28
269,Female,32,69593,46
270,Female,38,66131,26
271,Female,46,60481,36
272,Male,20,35540,7
273,Female,21,34151,28
274,Female,19,38231,23
275,Female,56,96021,72
276,Female,48,86743,88
277,Male,43,46789,52
278,Female,25,35800,8
279,Female,37,128176,98
280,Male,57,109643,85
281,Female,31,115054,61
282,Male,51,120499,72
283,Male,30,24694,7
284,Male,35,84018,97
285,Male,39,67514,41
286,Male,48,60423,40
287,Male,23,25098,29
288,Female,47,90693,78
289,Female,39,79785,46
290,Female,21,36788,16
291,Female,33,29281,21
292,Male,30,27225,24
293,Male,27,26698,11
294,Male,35,58969,27
295,Female,30,68223,28
296,Female,62,110161,85
297,Male,19,33011,18
298,Female,35,45102,56
299,Male,56,133008,68
300,Female,35,41366,30
301,Male,35,127428,77
302,Male,30,34276,21
303,Male,48,60334,41
304,Male,27,51018,52
305,Female,42,146840,99
306,Male,32,49679,26
307,Male,30,52928,58
308,Female,41,89876,99
309,Female,49,76944,57
310,Female,50,122363,59
311,Female,32,35365,25
312,Male,26,78759,42
313,Male,39,70260,22
314,Female,27,58813,25
315,Female,42,78032,22
316,Female,50,104672,88
317,Male,33,99773,78
318,Male,41,45526,31
319,Male,32,34344,21
320,Female,34,64435,44
321,Female,26,79183,60
322,Female,21,30803,22
323,Male,48,56514,58
324,Female,43,45341,29
325,Male,29,65687,58
326,Male,37,76629,41
327,Female,35,148995,91
328,Female,31,127425,73
329,Female,28,27018,29
330,Male,22,27423,9
331,Male,41,46628,54
332,Female,38,124140,88
333,Male,23,25316,27
334,Female,32,137366,76
335,Female,58,111133,89
336,Male,44,138841,84
337,Female,31,70737,43
338,Female,49,58466,44
339,Male,22,26543,13
340,Male,53,142991,85
341,Male,37,147621,68
342,Male,32,28938,21
343,Female,32,46010,48
344,Female,19,33595,17
345,Male,20,32653,16
346,Female,21,30442,27
347,Female,19,24508,14
348,Male,60,98191,78
349,Male,26,20622,11
350,Female,57,149176,57
351,Male,21,29868,6
352,Female,27,69957,27
353,Male,62,82154,86
354,Male,48,98818,77
355,Female,45,126244,86
356,Male,34,22805,16
357,Male,62,146496,85
358,Female,26,70810,60
359,Female,48,56623,21
360,Male,25,31298,28
361,Female,38,123583,52
362,Female,41,124374,99
363,Male,41,142722,58
364,Male,32,139988,68
365,Female,19,26536,15
366,Female,64,132196,80
367,Male,27,26262,16
368,Female,47,123506,57
369,Female,48,66215,48
370,Female,40,52243,51
371,Female,35,114959,96
372,Female,23,34110,22
373,Female,27,46723,40
374,Male,44,69223,47
375,Male,52,138183,78
376,Male,57,126210,67
377,Male,29,33310,21
378,Male,32,24678,6
379,Female,29,27733,16
380,Female,39,84244,93
381,Male,39,64380,24
382,Female,55,128096,70
383,Male,18,23717,28
384,Male,37,73930,55
385,Male,47,57058,48
386,Male,61,117431,62
387,Female,32,22426,10
388,Male,29,30472,27
389,Male,49,118058,60
390,Male,32,73341,27
391,Female,33,27757,5
392,Male,59,128353,85
393,Female,34,91300,69
394,Female,63,142739,76
395,Male,38,89666,70
396,Female,46,70528,53
397,Male,23,38065,29
398,Male,26,72955,27
399,Male,30,50790,40
400,Female,34,74006,25
401,Female,26,38049,9
402,Male,35,149924,82
403,Female,40,100210,92
404,Male,31,85399,55
405,Female,43,114688,99
406,Female,61,83969,90
407,Female,60,119596,65
408,Male,27,69723,23
409,Male,40,67238,49
410,Female,29,79758,40
411,Female,55,125268,58
412,Female,50,93917,65
413,Male,32,28764,12
414,Female,27,21658,17
415,Female,28,25233,23
416,Female,33,25221,21
417,Male,40,60220,21
418,Male,39,73124,35
419,Female,33,126254,53
420,Female,45,79158,50
421,Male,36,81071,77
422,Female,49,63971,45
423,Male,19,33126,23
424,Female,34,76256,24
425,Male,65,139028,67
426,Female,30,23168,16
427,Female,39,127920,62
428,Male,32,85276,52
429,Female,60,123652,83
430,Female,34,39865,9
431,Female,40,121750,75
432,Female,62,124089,82
433,Female,60,119294,51
434,Female,38,47183,57
435,Male,60,83492,66
436,Female,60,86731,60
437,Male,19,27936,23
438,Female,32,20620,15
439,Female,24,33531,18
440,Male,38,88163,83
441,Female,60,122604,83
442,Female,39,51349,54
443,Female,46,126437,89
444,Female,26,28077,22
445,Male,27,29752,27
446,Female,50,144094,80
447,Female,48,115842,57
448,Female,49,62618,29
449,Female,20,29425,16
450,Male,60,113612,63
451,Female,65,115537,94
452,Male,25,23579,12
453,Male,44,149604,90
454,Female,31,23283,15
455,Male,18,24504,22
456,Female,40,71175,32
457,Male,45,58704,23
458,Male,64,110437,97
459,Female,23,33693,6
460,Male,48,52210,38
461,Female,21,29777,15
462,Male,41,75605,51
463,Male,47,141344,62
464,Female,48,50649,49
465,Female,30,104405,97
466,Male,46,77210,32
467,Female,57,133148,82
468,Male,21,33134,10
469,Female,32,61207,20
470,Female,39,55435,37
471,Male,48,78172,56
472,Male,47,63563,35
473,Male,59,95495,69
474,Male,47,72933,39
475,Male,53,118671,89
476,Female,33,24376,9
477,Female,56,128971,94
478,Male,45,108627,93
479,Female,63,138556,95
480,Male,21,38486,6
481,Female,40,99641,70
482,Female,33,26730,7
483,Female,22,34858,21
484,Female,26,76956,55
485,Female,31,120392,75
486,Female,20,27140,6
487,Male,42,44178,23
488,Male,34,42079,46
489,Female,29,33774,17
490,Male,27,64618,54
491,Female,37,125582,61
492,Male,44,96691,50
493,Female,46,70343,54
494,Female,44,129712,65
495,Male,33,50166,32
496,Male,18,33737,12
497,Male,19,23306,19
498,Male,30,21449,19
499,Female,33,108477,58
500,Female,28,38877,23
501,Male,22,29888,26
502,Male,33,59693,23
503,Male,65,135994,81
504,Female,50,64979,53
505,Female,56,134568,59
506,Female,49,52050,54
507,Male,27,27384,27
508,Female,42,43776,46
509,Male,38,149467,74
510,Female,35,53325,25
511,Male,42,46059,32
512,Male,46,64718,58
513,Female,35,26165,11
514,Male,27,30910,5
515,Male,33,23844,12
516,Female,42,55684,40
517,Female,42,70556,42
518,Female,41,63569,51
519,Female,28,35384,11
520,Male,26,67127,56
521,Female,31,99126,66
522,Male,31,49988,41
523,Female,32,77341,51
524,Female,48,72022,51
525,Female,23,31540,9
526,Male,19,37764,21
527,Male,18,21589,18
528,Male,34,110334,95
529,Female,34,27167,19
530,Male,33,35833,5
531,Female,30,133914,51
532,Female,31,117576,82
533,Male,21,23506,21
534,Female,34,26289,13
535,Female,27,66011,43
536,Female,32,77027,34
537,Female,32,90566,55
538,Male,42,64718,50
539,Female,40,81238,55
540,Male,43,61710,26
541,Male,33,26927,13
542,Male,35,29187,23
543,Male,18,30305,11
544,Male,34,132205,69
545,Female,54,111519,93
546,Female,50,49171,25
547,Male,31,23200,12
548,Female,49,79660,59
549,Female,45,41941,37
550,Female,36,54951,55
551,Female,46,52172,57
552,Male,25,29678,27
553,Male,22,28780,17
554,Male,50,131068,73
555,Female,27,20170,19
556,Male,29,46699,25
557,Female,42,69415,55
558,Male,20,20860,16
559,Female,54,122523,50
560,Male,49,65414,25
561,Female,40,148302,93
562,Female,26,24549,14
563,Female,27,49563,30
564,Male,34,67597,50
565,Female,32,56495,60
566,Male,59,105630,56
567,Female,37,40443,41
568,Male,35,68850,47
569,Female,44,61015,32
570,Female,37,51641,40
571,Female,45,144357,70
572,Male,36,65751,27
573,Female,65,103583,51
574,Male,58,107479,68
575,Female,29,72722,60
576,Female,22,28279,27
577,Female,39,44847,58
578,Female,64,132534,82
579,Male,53,84818,94
580,Male,29,28134,10
581,Female,51,132378,100
582,Male,21,20345,13
583,Male,65,147999,87
584,Male,37,64518,49
585,Female,40,41609,26
586,Female,28,45626,29
587,Female,39,62483,33
588,Female,28,71205,48
589,Male,34,44402,22
590,Male,21,31241,26
591,Male,63,111970,61
592,Male,38,76690,49
593,Female,30,52088,60
594,Male,48,41913,59
595,Male,38,78810,44
596,Male,43,108153,67
597,Female,64,93336,61
598,Female,39,52915,27
599,Female,63,144157,90
600,Male,55,130939,87
601,Male,39,63067,59
602,Male,35,118986,93
603,Male,32,47724,39
604,Female,22,32232,21
605,Female,29,79087,56
606,Male,40,52173,60
607,Male,61,101871,68
608,Male,32,30308,24
609,Male,40,40628,28
610,Female,41,76803,51
611,Female,56,144451,95
612,Male,27,50961,56
613,Male,19,29571,13
614,Female,40,117836,99
615,Male,65,144921,82
616,Female,47,94969,99
617,Male,58,85453,84
618,Female,48,46711,35
619,Male,26,34736,16
620,Male,49,47693,35
621,Male,57,125957,60
622,Female,19,26781,23
623,Female,64,116842,60
624,Female,48,118356,86
625,Female,38,92481,98
626,Male,22,29087,27
627,Female,28,24792,12
628,Female,43,49317,60
629,Male,54,134293,78
630,Female,55,92202,82
631,Female,59,128374,81
632,Female,35,80324,96
633,Female,34,126952,100
634,Female,24,34078,20
635,Male,35,58585,55
636,Male,51,143614,93
637,Male,32,23262,5
638,Female,32,34460,5
639,Female,27,24322,10
640,Female,26,31810,7
641,Female,33,101695,75
642,Male,57,110689,91
643,Female,30,92475,63
644,Female,25,24348,21
645,Female,28,20264,8
646,Male,60,97324,54
647,Male,48,45854,26
648,Female,34,64088,28
649,Male,20,24681,21
650,Male,58,101511,72
651,Female,56,99840,89
652,Male,21,22840,9
653,Female,52,130335,77
654,Male,26,28119,25
655,Male,27,38133,29
656,Male,43,119537,83
657,Male,48,131347,91
658,Male,30,36216,8
659,Male,27,78923,53
660,Female,29,60740,44
661,Female,46,75806,31
662,Female,20,20546,5
663,Female,19,21305,30
664,Female,62,117550,99
665,Male,27,66363,60
666,Male,34,45478,25
667,Male,28,37576,17
668,Male,48,68671,35
669,Female,31,22825,8
670,Male,49,87212,92
671,Male,22,20415,27
672,Female,29,36266,21
673,Female,22,32185,28
674,Female,31,95473,71
675,Male,27,74331,36
676,Male,41,69831,43
677,Male,30,77151,43
678,Male,43,46743,27
679,Male,30,146692,52
680,Female,33,21506,16
681,Female,19,25864,22
682,Female,25,30544,18
683,Male,43,45104,43
684,Male,41,86903,64
685,Female,39,44517,38
686,Male,42,45661,49
687,Female,34,53151,56
688,Female,59,111795,73
689,Male,25,37909,9
690,Female,32,41566,54
691,Female,51,81257,50
692,Male,36,120306,63
693,Female,26,72245,29
694,Female,25,21438,21
695,Male,59,128823,97
696,Female,62,92527,58
697,Male,19,39395,18
698,Female,26,29557,15
699,Female,50,122762,78
700,Male,24,22447,9
701,Female,23,23462,19
702,Female,28,66641,54
703,Female,27,34808,19
704,Female,23,22962,30
705,Male,43,85286,70
706,Male,29,28133,17
707,Male,46,119169,61
708,Male,42,69635,55
709,Male,21,35140,30
710,Male,19,20391,29
711,Male,30,26492,16
712,Male,34,113924,51
713,Female,22,34530,7
714,Male,32,21399,6
715,Male,55,136774,81
716,Male,30,67961,42
717,Male,26,29010,19
718,Female,27,28053,20
719,Female,33,142787,55
720,Male,38,48993,32
721,Female,54,82559,100
722,Female,50,75685,51
723,Female,50,145849,74
724,Male,28,20854,24
725,Female,19,29205,30
726,Male,44,126849,60
727,Male,26,27902,22
728,Male,30,38864,16
729,Female,28,27751,30
730,Male,52,83697,86
731,Female,61,104672,84
732,Male,19,36070,7
733,Female,25,39715,5
734,Male,24,30870,30
735,Male,50,51630,40
736,Male,22,24840,29
737,Female,34,127826,73
738,Female,51,93242,69
739,Female,31,25161,30
740,Female,41,121586,95
741,Female,23,39298,17
742,Male,38,118602,61
743,Female,32,131327,61
744,Male,36,108953,81
745,Female,32,45099,42
746,Male,28,22907,19
747,Female,32,53741,24
748,Male,48,47080,20
749,Male,48,68719,46
750,Female,37,72314,42
751,Female,25,35711,10
752,Female,27,21094,5
753,Male,27,46863,41
754,Male,48,50545,24
755,Male,44,78930,50
756,Male,44,50813,47
757,Male,28,23318,11
758,Female,48,76314,54
759,Male,49,116899,65
760,Male,35,32874,20
761,Male,18,31823,18
762,Male,40,79335,32
763,Female,23,26781,25
764,Female,21,35517,14
765,Male,46,72053,36
766,Female,41,130793,73
767,Female,39,52227,22
768,Female,33,70478,34
769,Male,39,88079,98
770,Male,35,31265,18
771,Female,54,87993,83
772,Female,45,142236,80
773,Male,19,32936,21
774,Male,23,34714,10
775,Male,19,24134,18
776,Male,42,137067,90
777,Male,50,113801,96
778,Female,35,32717,17
779,Female,39,74058,20
780,Male,22,33580,9
781,Female,21,38438,30
782,Female,56,125071,66
783,Male,60,143646,52
784,Female,29,66409,59
785,Male,28,32969,27
786,Male,26,35571,16
787,Female,34,59861,37
788,Female,44,92873,58
789,Female,50,138079,67
790,Male,42,91703,78
791,Female,49,71749,53
792,Female,23,36884,7
793,Male,55,146426,58
794,Male,24,26316,6
795,Male,19,34956,16
796,Female,39,64140,52
797,Female,31,96236,65
798,Female,39,78931,31
799,Female,52,125843,60
800,Female,48,91847,51
801,Male,24,25338,12
802,Female,47,107096,91
803,Male,30,82628,80
804,Female,30,102701,64
805,Female,47,120037,77
806,Female,33,70080,33
807,Male,44,74120,45
808,Female,29,36761,22
809,Female,40,47084,24
810,Female,33,61308,36
811,Male,34,24912,29
812,Female,30,39661,26
813,Female,31,98340,91
814,Female,38,57001,45
815,Male,42,84629,71
816,Female,52,142355,82
817,Male,23,38292,14
818,Male,48,48384,36
819,Female,35,123992,64
820,Female,31,30062,30
821,Female,43,57076,38
822,Male,19,35418,25
823,Female,41,52749,27
824,Male,56,119106,53
825,Female,28,26563,18
826,Male,23,30367,29
827,Female,45,61799,31
828,Female,30,87603,78
829,Male,23,25524,20
830,Female,31,34211,17
831,Male,25,65121,22
832,Male,30,128903,70
833,Female,25,20135,12
834,Female,28,48449,44
835,Female,19,22139,14
836,Female,44,74097,53
837,Female,35,48768,51
838,Male,30,25402,5
839,Male,24,24299,28
840,Female,40,146143,57
841,Female,54,84897,90
842,Male,33,86368,92
843,Male,33,82587,94
844,Female,37,69118,27
845,Male,31,50035,60
846,Female,46,67582,26
847,Male,56,97978,56
848,Female,50,47471,26
849,Female,24,39955,29
850,Female,52,106433,95
851,Female,26,50510,55
852,Male,28,35750,12
853,Female,21,22916,23
854,Male,34,22951,7
855,Female,39,55149,38
856,Male,28,43282,31
857,Female,50,63607,40
858,Male,36,95191,98
859,Female,23,24534,15
860,Female,48,57583,25
861,Female,28,51984,45
862,Female,37,57814,50
863,Male,37,101860,58
864,Female,31,23398,23
865,Female,41,137430,89
866,Female,46,41888,28
867,Male,38,47401,48
868,Male,28,28572,5
869,Male,63,124341,83
870,Female,40,56290,42
871,Male,19,38295,5
872,Male,61,141510,60
873,Female,32,61013,41
874,Female,25,36611,22
875,Female,27,55400,49
876,Female,35,138733,81
877,Male,40,47779,21
878,Male,26,67023,55
879,Male,27,39798,21
880,Male,51,139796,73
881,Female,28,34891,22
882,Male,58,127617,57
883,Female,30,109064,71
884,Female,65,118270,83
885,Female,32,93935,60
886,Male,21,33409,13
887,Female,30,23956,11
888,Female,21,31073,29
889,Female,21,39294,29
890,Female,41,78621,28
891,Female,19,37378,22
892,Male,62,143298,99
893,Female,38,102760,56
894,Female,62,122184,74
895,Female,47,112537,75
896,Male,50,69677,28
897,Female,47,79487,52
898,Male,65,121144,90
899,Female,27,26871,26
900,Female,41,97389,82
901,Female,52,95126,85
902,Female,64,134719,68
903,Female,21,37128,5
904,Female,19,21738,11
905,Male,26,29391,9
906,Male,43,118684,98
907,Male,28,69661,59
908,Female,45,130972,82
909,Female,54,86157,74
910,Male,65,120980,53
911,Female,42,112943,89
912,Male,35,32050,28
913,Male,48,105362,78
914,Male,41,89760,61
915,Female,38,42663,37
916,Female,26,25273,5
917,Female,26,50145,29
918,Female,49,86665,81
919,Male,34,30415,12
920,Female,62,88936,60
921,Male,35,132876,72
922,Female,28,30875,16
923,Male,33,37383,22
924,Male,32,31337,12
925,Male,30,30516,30
926,Male,42,56815,38
927,Female,62,129146,82
928,Female,34,42873,32
929,Male,36,90793,60
930,Male,43,88581,92
931,Female,36,135601,63
932,Female,39,89452,51
933,Male,32,123478,55
934,Male,26,25832,22
935,Female,46,109837,76
936,Male,38,66505,40
937,Male,42,47753,20
938,Male,34,85965,72
939,Female,44,59749,25
940,Female,37,64996,21
941,Female,25,37480,9
942,Female,39,118663,69
943,Male,35,38137,9
944,Male,30,20164,22
945,Male,48,53766,42
946,Male,29,73590,30
947,Male,24,28281,8
948,Male,65,87128,79
949,Male,33,44414,26
950,Male,51,143857,72
951,Male,36,110740,68
952,Female,33,30413,19
953,Female,39,120065,86
954,Female,30,68069,20
955,Female,31,27258,13
956,Female,33,30864,19
957,Male,40,60019,55
958,Male,20,39877,13
959,Male,46,105746,96
960,Male,31,89882,82
961,Female,43,133101,52
962,Female,39,141879,73
963,Female,27,39320,9
964,Female,35,146900,75
965,Male,45,81388,89
966,Male,58,98398,60
967,Male,60,99162,72
968,Female,25,35979,7
969,Female,26,55336,33
970,Male,39,70780,22
971,Female,36,122476,95
972,Male,64,114513,86
973,Male,36,64806,57
974,Female,54,112975,64
975,Male,40,62612,50
976,Male,58,98214,60
977,Male,26,36860,11
978,Male,29,25156,24
979,Male,56,110191,71
980,Male,40,71379,33
981,Male,31,133857,65
982,Male,23,38792,9
983,Female,33,99249,60
984,Male,30,36929,24
985,Female,35,117152,63
986,Male,60,141789,60
987,Male,29,79376,57
988,Female,46,146952,60
989,Male,43,79094,24
990,Male,29,65261,26
991,Female,34,37128,26
992,Female,21,39841,10
993,Male,64,85116,82
994,Male,22,35802,24
995,Female,63,136557,76
996,Female,31,37361,12
997,Male,43,62971,56
998,Male,33,48774,50
999,Female,35,29282,18
1000,Male,18,20179,23
1001,Male,54,80942,91
1002,Male,56,121405,73
1003,Female,26,33961,13
1004,Female,47,127925,93
1005,Female,35,33540,30
1006,Female,35,32131,22
1007,Female,43,60096,42
1008,Male,37,98096,97
1009,Female,28,50603,33
1010,Male,44,76082,23
1011,Male,50,40346,25
1012,Male,38,79337,25
1013,Male,36,54533,25
1014,Female,55,130374,89
1015,Female,41,87531,90
1016,Female,31,40701,53
1017,Male,34,21101,21
1018,Male,32,102214,73
1019,Female,40,80037,55
1020,Female,46,63142,45
1021,Male,63,106255,50
1022,Female,27,38009,28
1023,Male,32,58121,58
1024,Female,43,66473,20
1025,Male,34,33340,8
1026,Female,51,118568,57
1027,Female,58,112786,74
1028,Female,32,31130,26
1029,Female,60,83584,57
1030,Male,25,32539,26
1031,Male,36,67028,53
1032,Male,45,114517,68
1033,Male,27,62412,55
1034,Female,36,60569,33
1035,Male,33,26231,28
1036,Male,26,27931,11
1037,Male,29,28182,9
1038,Male,33,22571,24
1039,Female,60,85539,73
1040,Male,33,77651,51
1041,Male,55,116735,64
1042,Male,31,37227,20
1043,Male,55,125519,93
1044,Female,47,47888,53
1045,Female,25,40551,33
1046,Female,50,93205,73
1047,Female,26,37975,12
1048,Female,36,62485,31
1049,Female,38,53797,43
1050,Male,39,58325,31
1051,Female,36,109958,96
1052,Male,31,38197,17
1053,Male,33,24900,30
1054,Female,33,33812,9
1055,Male,33,59663,55
1056,Male,47,46486,30
1057,Male,33,28332,25
1058,Female,33,61932,43
1059,Female,52,113779,51
1060,Male,24,31504,23
1061,Female,35,63272,52
1062,Female,35,138580,74
1063,Female,30,49492,60
1064,Male,37,77462,24
1065,Female,25,31259,15
1066,Female,47,118188,88
1067,Female,49,69156,43
1068,Male,30,50965,21
1069,Male,46,110753,97
1070,Male,30,25469,8
1071,Male,35,35505,6
1072,Male,49,74339,25
1073,Female,27,50176,44
1074,Male,27,28106,19
1075,Male,23,37260,5
1076,Female,50,126771,80
1077,Male,65,115705,78
1078,Female,59,103204,90
1079,Female,49,149964,72
1080,Female,35,109770,78
1081,Female,33,67014,29
1082,Male,34,20003,29
1083,Male,40,58793,54
1084,Male,60,144478,69
1085,Male,44,59196,34
1086,Female,42,128974,76
1087,Female,30,56377,44
1088,Male,20,28617,18
1089,Female,48,115633,91
1090,Male,27,52320,31
1091,Female,45,47232,49
1092,Male,31,72243,40
1093,Male,35,21626,5
1094,Female,26,29244,9
1095,Male,44,81075,55
1096,Female,24,36173,15
1097,Male,36,72662,49
1098,Male,49,45257,29
1099,Female,27,65717,54
1100,Male,26,26297,17
1101,Female,30,28157,29
1102,Male,24,21098,19
1103,Female,60,107321,74
1104,Male,45,50394,22
1105,Male,45,71537,39
1106,Male,46,43413,33
1107,Male,28,34226,5
1108,Male,28,78318,45
1109,Male,33,21376,27
1110,Female,32,45864,30
1111,Female,19,31089,6
1112,Male,64,100174,100
1113,Female,25,35985,15
1114,Female,25,52646,44
1115,Female,46,97659,52
1116,Female,65,137344,68
1117,Female,23,38569,22
1118,Male,33,70696,58
1119,Female,22,37404,19
1120,Male,36,75494,49
1121,Male,54,146316,96
1122,Male,25,31930,15
1123,Female,42,130789,83
1124,Female,48,100202,70
1125,Male,37,122208,56
1126,Male,23,24252,6
1127,Male,24,35904,8
1128,Female,61,130934,83
1129,Male,25,32004,24
1130,Female,33,26839,7
1131,Female,53,87956,85
1132,Male,44,43820,37
1133,Male,49,89225,54
1134,Male,36,92729,96
1135,Male,42,130506,62
1136,Female,65,103448,97
1137,Female,52,93829,93
1138,Male,36,135977,60
1139,Male,62,132632,71
1140,Female,52,138066,70
1141,Female,49,67023,60
1142,Male,45,122395,86
1143,Female,48,76060,36
1144,Male,37,69327,20
1145,Male,25,79043,53
1146,Male,34,40430,34
1147,Male,49,41422,37
1148,Male,32,21236,16
1149,Male,29,28683,23
1150,Female,27,28396,7
1151,Female,34,108499,96
1152,Male,40,51331,56
1153,Female,32,119373,96
1154,Female,28,21832,16
1155,Male,49,47899,34
1156,Male,33,130133,69
1157,Female,43,75384,29
1158,Female,39,108940,53
1159,Male,43,79002,52
1160,Female,27,34153,30
1161,Female,28,24331,7
1162,Female,65,86463,75
1163,Male,34,33058,18
1164,Female,35,35758,11
1165,Male,31,77442,55
1166,Female,26,22347,29
1167,Female,27,77749,27
1168,Female,36,63938,32
1169,Female,45,78920,21
1170,Male,32,31459,24
1171,Female,32,42941,32
1172,Male,21,22811,28
1173,Female,27,24839,5
1174,Female,49,94585,78
1175,Male,24,30874,28
1176,Female,34,37905,29
1177,Male,39,143311,94
1178,Male,46,78207,53
1179,Male,26,51162,38
1180,Male,33,115557,79
1181,Female,26,32735,26
1182,Female,27,20625,25
1183,Male,34,32474,27
1184,Male,44,71762,54
1185,Male,34,26516,19
1186,Female,34,28106,14
1187,Male,48,65781,30
1188,Female,36,63062,60
1189,Male,26,36425,30
1190,Female,54,113774,51
1191,Male,28,24971,17
1192,Male,34,32524,26
1193,Female,43,55752,29
1194,Male,35,79673,48
1195,Male,35,24540,26
1196,Female,34,30125,9
1197,Male,23,38508,15
1198,Female,37,149856,61
1199,Female,28,20966,18
1200,Female,48,69032,60
1201,Male,21,26158,9
1202,Male,25,28744,24
1203,Female,29,20854,7
1204,Female,33,36460,27
1205,Male,33,32696,20
1206,Female,25,26332,6
1207,Male,31,28842,12
1208,Female,23,22167,19
1209,Female,59,122584,65
1210,Female,44,42741,44
1211,Male,44,77482,54
1212,Male,58,94328,79
1213,Male,35,36996,17
1214,Male,63,130777,98
1215,Female,32,29541,17
1216,Female,30,70234,47
1217,Female,63,87149,59
1218,Male,35,139204,96
1219,Female,35,39183,9
1220,Male,39,61198,21
1221,Female,47,78686,32
1222,Male,28,28194,27
1223,Female,35,96193,57
1224,Female,35,127571,83
1225,Female,40,147065,74
1226,Male,28,25599,23
1227,Male,23,24738,29
1228,Female,34,60189,48
1229,Male,37,103684,58
1230,Female,18,28293,19
1231,Female,50,75618,20
1232,Female,33,27106,19
1233,Male,44,45203,58
1234,Male,26,37935,24
1235,Female,22,26056,6
1236,Female,19,24763,26
1237,Female,26,45747,26
1238,Male,27,25286,24
1239,Male,36,77943,22
1240,Male,36,61156,44
1241,Female,27,76075,38
1242,Female,26,23998,15
1243,Male,43,107504,89
1244,Female,34,38722,7
1245,Female,57,117642,88
1246,Female,43,74432,59
1247,Female,33,38436,21
1248,Female,44,51790,34
1249,Female,21,20051,5
1250,Female,43,95456,89
1251,Male,35,42981,42
1252,Male,27,26592,13
1253,Female,41,59679,55
1254,Female,28,23730,15
1255,Female,41,83816,62
1256,Male,40,71398,22
1257,Female,45,50183,49
1258,Female,48,67128,23
1259,Male,65,121353,84
1260,Female,28,38920,30
1261,Female,26,24892,5
1262,Female,30,75014,56
1263,Female,21,39503,30
1264,Female,32,121222,67
1265,Female,25,36287,16
1266,Male,41,54164,39
1267,Male,19,32262,29
1268,Female,34,34541,5
1269,Female,42,100195,71
1270,Female,49,148632,99
1271,Male,34,23219,26
1272,Male,32,21197,17
1273,Male,19,30190,26
1274,Female,26,70597,26
1275,Male,27,38925,25
1276,Female,31,53143,38
1277,Male,58,121831,92
1278,Male,30,49785,37
1279,Male,34,38337,8
1280,Female,65,125916,70
1281,Male,25,29282,10
1282,Male,42,62199,48
1283,Male,33,20950,26
1284,Female,19,32569,7
1285,Female,47,51729,58
1286,Male,49,126612,71
1287,Female,35,149924,98
1288,Female,35,97274,94
1289,Female,27,34928,26
1290,Female,32,55184,29
1291,Female,30,65695,41
1292,Female,25,71949,24
1293,Male,33,31516,19
1294,Male,44,62846,56
1295,Male,55,93491,95
1296,Female,45,76447,24
1297,Female,55,140420,87
1298,Female,35,27985,10
1299,Female,35,44329,33
1300,Male,50,77172,41
1301,Female,33,22552,8
1302,Male,28,76378,48
1303,Male,27,66594,58
1304,Male,50,129664,81
1305,Male,22,27130,23
1306,Female,32,24889,22
1307,Male,39,77875,32
1308,Female,49,121497,86
1309,Male,27,62561,57
1310,Female,55,146902,58
1311,Male,35,32098,6
1312,Male,37,127086,68
1313,Female,30,34146,25
1314,Female,55,130173,74
1315,Male,41,107684,80
1316,Female,30,38200,16
1317,Male,22,29452,9
1318,Female,22,20514,28
1319,Male,38,137243,55
1320,Female,59,134507,100
1321,Female,59,103566,82
1322,Male,54,138988,72
1323,Female,18,33918,23
1324,Female,62,111031,67
1325,Female,32,128099,52
1326,Female,37,128310,87
1327,Female,39,90494,96
1328,Male,27,73878,53
1329,Female,20,35481,26
1330,Male,51,86917,84
1331,Female,41,69755,50
1332,Female,50,63128,38
1333,Female,27,21157,28
1334,Male,23,35504,23
1335,Female,31,118240,68
1336,Female,34,24155,7
1337,Female,44,48686,37
1338,Male,48,40930,27
1339,Male,58,99809,73
1340,Male,40,55479,31
1341,Male,29,45531,58
1342,Male,49,67062,44
1343,Female,40,137695,63
1344,Male,21,28663,6
1345,Female,40,66132,39
1346,Female,44,149798,74
1347,Female,29,57211,53
1348,Female,32,29463,17
1349,Female,36,85376,84
1350,Female,35,57864,37
1351,Male,30,28367,19
1352,Male,63,105549,71
1353,Male,25,75888,20
1354,Male,21,33475,21
1355,Female,52,138450,64
1356,Male,26,52653,21
1357,Male,24,39468,24
1358,Male,35,95725,88
1359,Male,50,77097,31
1360,Female,46,104151,68
1361,Female,59,89924,67
1362,Male,46,122389,60
1363,Female,37,44088,44
1364,Female,26,28461,10
1365,Female,24,36112,24
1366,Female,21,36123,9
1367,Female,32,23481,27
1368,Female,20,21142,7
1369,Male,40,41229,29
1370,Female,26,32795,9
1371,Female,25,77659,52
1372,Male,37,68577,24
1373,Female,33,32596,8
1374,Male,37,59846,23
1375,Female,35,75037,25
1376,Male,30,53311,55
1377,Male,34,52517,44
1378,Female,61,127089,55
1379,Male,38,104833,52
1380,Female,25,39429,20
1381,Female,27,37712,20
1382,Female,28,21213,6
1383,Male,55,85611,57
1384,Male,59,148566,93
1385,Male,34,110537,52
1386,Male,40,41249,59
1387,Male,18,24277,10
1388,Male,39,46376,59
1389,Female,36,88383,57
1390,Female,34,108910,62
1391,Male,35,66346,27
1392,Male,49,53974,22
1393,Male,28,44143,37
1394,Male,47,51013,43
1395,Male,43,55967,22
1396,Female,23,32325,5
1397,Male,18,20208,10
1398,Female,56,117189,94
1399,Female,43,96632,59
1400,Male,56,139037,65
1401,Female,41,84931,95
1402,Female,49,91537,72
1403,Male,25,38275,11
1404,Male,53,92541,98
1405,Male,33,53638,23
1406,Male,33,24889,20
1407,Female,19,21412,25
1408,Female,38,53735,36
1409,Male,32,139394,56
1410,Male,40,103053,100
1411,Male,28,73744,24
1412,Male,50,138303,76
1413,Male,44,122688,99
1414,Female,28,54927,35
1415,Female,25,32305,7
1416,Male,33,143492,77
1417,Female,32,39969,10
1418,Female,39,48939,32
1419,Male,35,53252,28
1420,Male,47,87818,58
1421,Female,38,70053,30
1422,Male,23,29671,30
1423,Female,35,110107,76
1424,Female,33,39384,19
1425,Female,25,34028,12
1426,Male,32,77975,57
1427,Male,56,80665,52
1428,Female,26,73044,47
1429,Male,39,46422,51
1430,Female,18,38300,27
1431,Male,29,24348,14
1432,Female,31,91892,80
1433,Female,18,35049,19
1434,Female,23,33282,30
1435,Male,30,140856,90
1436,Female,41,61817,22
1437,Male,47,57680,59
1438,Male,51,90611,97
1439,Female,33,127708,57
1440,Female,44,70497,22
1441,Male,45,51486,55
1442,Male,38,106832,71
1443,Male,60,94884,97
1444,Female,50,109548,72
1445,Male,47,135434,53
1446,Male,39,62624,51
1447,Female,46,74858,54
1448,Male,50,64126,24
1449,Male,27,45721,45
1450,Female,28,45042,30
1451,Male,33,24848,9
1452,Male,48,82974,76
1453,Male,38,62721,48
1454,Male,27,52390,21
1455,Female,56,124024,87
1456,Female,61,122769,87
1457,Female,43,59928,28
1458,Female,25,28519,20
1459,Female,29,43101,42
1460,Female,44,50902,30
1461,Male,22,25746,10
1462,Male,28,21348,23
1463,Male,36,57066,31
1464,Male,50,84546,72
1465,Female,42,69388,30
1466,Male,30,20816,20
1467,Female,29,60985,20
1468,Male,60,118739,68
1469,Male,51,137947,94
1470,Male,32,142781,58
1471,Male,37,41625,59
1472,Male,27,63422,40
1473,Female,63,105578,64
1474,Female,20,20738,22
1475,Male,62,91452,75
1476,Male,44,60824,58
1477,Female,55,127325,59
1478,Female,36,65304,20
1479,Male,34,63026,48
1480,Female,31,34556,30
1481,Female,50,50734,47
1482,Male,20,39240,9
1483,Male,41,71104,41
1484,Female,35,129253,50
1485,Female,56,115825,61
1486,Female,42,97947,61
1487,Female,40,76298,22
1488,Female,61,119834,85
1489,Female,18,20879,9
1490,Female,28,70968,38
1491,Male,25,36118,5
1492,Female,27,72312,58
1493,Female,57,142978,66
1494,Male,53,95674,82
1495,Male,43,50672,23
1496,Female,47,70214,28
1497,Female,26,21733,16
1498,Female,33,126659,68
1499,Male,62,90069,62
1500,Female,23,39620,22
1501,Male,33,59731,43
1502,Male,39,126088,50
1503,Female,53,116885,99
1504,Male,30,62302,26
1505,Male,25,36494,11
1506,Male,27,70178,27
1507,Female,29,35712,14
1508,Female,34,34481,29
1509,Male,18,29983,28
1510,Male,22,24217,27
1511,Male,31,48214,28
1512,Female,27,47321,21
1513,Male,31,42786,26
1514,Male,33,147302,80
1515,Male,27,42836,39
1516,Male,24,24056,23
1517,Male,18,31519,7
1518,Male,52,116356,72
1519,Male,62,111696,86
1520,Male,18,38944,21
1521,Male,48,105106,60
1522,Female,43,92934,82
1523,Male,30,78625,48
1524,Male,30,31626,18
1525,Female,56,109825,57
1526,Male,21,35266,21
1527,Male,47,63674,38
1528,Female,33,30751,8
1529,Female,44,69946,39
1530,Female,31,38150,14
1531,Female,33,22280,26
1532,Male,33,20418,26
1533,Male,41,68708,25
1534,Male,30,32937,27
1535,Male,34,102114,73
1536,Male,44,53124,45
1537,Female,33,33916,13
1538,Female,52,132459,80
1539,Female,33,73516,29
1540,Female,26,24003,20
1541,Male,18,24410,8
1542,Female,18,36322,10
1543,Male,39,122854,69
1544,Female,33,37037,30
1545,Female,33,29619,20
1546,Male,64,125038,84
1547,Female,21,34103,17
1548,Male,39,64663,49
1549,Female,35,25795,26
1550,Male,61,101514,77
1551,Female,40,65498,27
1552,Male,60,141580,85
1553,Female,55,87305,66
1554,Female,52,129518,99
1555,Male,25,44025,57
1556,Male,29,32006,30
1557,Female,54,124729,56
1558,Male,38,63420,42
1559,Female,45,112011,65
1560,Male,34,91133,69
1561,Female,25,51126,54
1562,Female,31,35103,23
1563,Male,47,41337,50
1564,Female,43,64755,44
1565,Male,61,92809,56
1566,Male,41,72553,41
1567,Male,53,119258,77
1568,Female,42,44936,33
1569,Female,34,43115,56
1570,Female,21,23013,23
1571,Female,43,44408,53
1572,Female,36,53745,24
1573,Female,57,119309,92
1574,Female,30,33576,13
1575,Male,31,103671,90
1576,Female,43,145431,92
1577,Female,50,74912,59
1578,Female,63,87848,62
1579,Female,32,49682,29
1580,Male,35,66886,24
1581,Female,34,57493,30
1582,Male,55,110950,65
1583,Female,18,26288,12
1584,Female,42,71810,47
1585,Female,42,84850,60
1586,Female,26,20954,30
1587,Female,32,103066,96
1588,Female,20,21812,15
1589,Male,29,33336,26
1590,Male,32,49211,27
1591,Male,46,148846,81
1592,Female,21,39654,29
1593,Male,48,78294,44
1594,Male,29,54287,26
1595,Female,32,28996,18
1596,Female,61,87330,84
1597,Female,50,94806,84
1598,Female,33,56144,29
1599,Male,34,64100,21
1600,Female,45,87166,66
1601,Male,50,63780,27
1602,Female,25,65458,45
1603,Female,49,45914,35
1604,Female,32,25250,25
1605,Male,32,133253,67
1606,Female,48,70873,46
1607,Female,36,135360,60
1608,Female,52,88698,76
1609,Male,49,41792,23
1610,Female,38,138117,50
1611,Male,28,30012,23
1612,Male,25,25171,21
1613,Female,50,133780,78
1614,Female,46,97499,61
1615,Female,27,53019,46
1616,Male,30,32894,23
1617,Male,35,20752,25
1618,Male,24,35152,13
1619,Female,31,33141,24
1620,Male,29,22918,10
1621,Female,31,37230,29
1622,Male,37,144769,64
1623,Female,27,28722,28
1624,Male,38,48532,33
1625,Female,38,52410,31
1626,Male,27,20942,13
1627,Female,45,139110,73
1628,Female,33,20338,9
1629,Female,43,132108,95
1630,Male,46,135481,54
1631,Male,33,87700,71
1632,Male,44,63219,58
1633,Female,34,28311,24
1634,Male,46,65866,43
1635,Male,41,85390,66
1636,Male,51,144597,79
1637,Male,34,30397,18
1638,Male,35,47657,22
1639,Female,48,58415,43
1640,Female,44,57250,36
1641,Male,35,50812,51
1642,Male,33,137670,62
1643,Female,23,27532,6
1644,Female,47,50718,49
1645,Female,19,36217,19
1646,Male,59,143596,81
1647,Male,37,99405,72
1648,Female,23,29309,10
1649,Male,30,107839,83
1650,Male,32,45035,51
1651,Female,34,41701,27
1652,Male,28,78688,40
1653,Female,32,22656,27
1654,Female,44,57650,20
1655,Male,28,34847,28
1656,Male,27,21595,15
1657,Female,65,89269,88
1658,Male,26,33069,10
1659,Male,25,45845,33
1660,Male,34,66371,29
1661,Female,50,72168,47
1662,Male,52,97208,92
1663,Female,31,73597,51
1664,Female,33,71223,56
1665,Male,29,33845,24
1666,Female,27,67919,22
1667,Female,45,54695,29
1668,Female,35,148770,68
1669,Female,50,45189,50
1670,Female,27,24187,12
1671,Male,26,77259,55
1672,Female,21,36823,21
1673,Female,39,46192,56
1674,Male,43,56702,25
1675,Male,23,35167,30
1676,Female,27,42966,46
1677,Female,48,78483,49
1678,Male,51,114743,61
1679,Male,26,22563,26
1680,Female,25,75020,20
1681,Female,23,20435,25
1682,Female,46,66548,58
1683,Female,47,63640,45
1684,Male,22,24098,5
1685,Male,24,20520,5
1686,Female,45,49512,35
1687,Female,35,105023,69
1688,Male,31,35531,5
1689,Female,32,24994,20
1690,Female,25,34729,11
1691,Male,33,131345,71
1692,Female,31,34148,20
1693,Female,30,35974,20
1694,Female,34,21989,5
1695,Female,65,121399,54
1696,Female,60,134675,57
1697,Female,58,125451,94
1698,Male,27,25286,28
1699,Male,39,62534,34
1700,Female,59,124453,58
1701,Female,56,131166,93
1702,Female,44,50618,33
1703,Male,60,91297,58
1704,Female,33,25122,8
1705,Male,32,59900,33
1706,Male,26,31756,16
1707,Male,19,36497,30
1708,Male,28,68221,59
1709,Female,25,38415,20
1710,Female,49,63281,22
1711,Male,21,36888,27
1712,Male,49,69958,27
1713,Male,65,93352,52
1714,Male,24,23868,16
1715,Female,58,118289,98
1716,Female,39,93014,91
1717,Female,28,49029,32
1718,Female,32,40431,50
1719,Female,30,73097,25
1720,Male,36,67198,60
1721,Male,31,37355,30
1722,Female,31,34051,18
1723,Male,31,127418,78
1724,Female,20,36952,7
1725,Female,49,66322,30
1726,Male,19,32886,26
1727,Female,63,87577,68
1728,Female,34,76281,40
1729,Male,34,29167,24
1730,Male,58,132944,91
1731,Female,52,137952,100
1732,Female,20,29880,6
1733,Female,41,48257,54
1734,Female,34,23041,22
1735,Male,40,124657,51
1736,Female,45,113907,99
1737,Male,62,135410,57
1738,Female,45,57023,52
1739,Female,21,21564,19
1740,Male,59,80683,71
1741,Female,44,149899,72
1742,Female,46,77536,28
1743,Male,36,112457,70
1744,Female,28,69773,29
1745,Female,27,45370,23
1746,Male,24,35605,19
1747,Female,37,74488,57
1748,Female,40,78292,60
1749,Male,48,72082,46
1750,Female,22,36573,20
1751,Male,34,36816,8
1752,Female,26,71021,30
1753,Male,31,39713,8
1754,Male,34,77471,22
1755,Female,27,32172,16
1756,Male,25,71845,29
1757,Female,33,135280,69
1758,Male,33,25999,5
1759,Female,34,125698,52
1760,Female,34,77556,56
1761,Male,40,64727,58
1762,Female,32,36540,29
1763,Female,39,138861,96
1764,Female,30,33422,12
1765,Female,26,75454,48
1766,Male,40,91603,95
1767,Male,65,120481,91
1768,Male,42,91161,89
1769,Female,42,148387,98
1770,Male,37,82446,92
1771,Female,24,29009,12
1772,Male,28,37483,17
1773,Male,35,41524,47
1774,Female,41,41576,40
1775,Male,28,45965,26
1776,Male,30,49439,36
1777,Male,31,30053,26
1778,Male,23,30659,5
1779,Male,28,65555,40
1780,Male,33,61247,44
1781,Male,25,26637,29
1782,Female,49,73333,52
1783,Female,19,28824,15
1784,Male,34,133356,80
1785,Male,25,55318,37
1786,Female,22,38176,14
1787,Male,45,45499,52
1788,Male,35,32232,10
1789,Male,65,135542,78
1790,Male,27,35225,25
1791,Female,33,21971,13
1792,Male,52,129827,90
1793,Male,48,146889,52
1794,Female,49,89166,55
1795,Female,38,96118,96
1796,Female,44,53818,52
1797,Female,46,124909,98
1798,Female,46,56117,40
1799,Male,28,35066,5
1800,Male,60,80268,50
1801,Female,56,102745,85
1802,Male,27,75266,24
1803,Female,37,138350,72
1804,Male,54,126919,61
1805,Female,29,35161,11
1806,Female,18,27258,29
1807,Female,42,126900,55
1808,Female,44,108986,81
1809,Male,33,29199,27
1810,Female,30,26425,8
1811,Male,61,145578,60
1812,Male,34,103006,87
1813,Male,38,88526,66
1814,Male,42,115956,93
1815,Female,46,149853,93
1816,Female,19,33995,15
1817,Female,28,57959,53
1818,Male,41,63689,22
1819,Female,31,29107,22
1820,Female,37,40338,32
1821,Male,18,38737,28
1822,Male,34,135550,65
1823,Male,27,30788,7
1824,Male,31,35727,30
1825,Male,46,123817,65
1826,Female,35,55621,23
1827,Female,34,111030,99
1828,Male,21,34629,7
1829,Male,28,32366,27
1830,Female,32,22031,6
1831,Male,34,136602,56
1832,Female,48,86842,74
1833,Male,25,33471,24
1834,Male,39,65160,47
1835,Female,39,41702,53
1836,Male,36,105228,56
1837,Male,42,88853,86
1838,Female,46,146702,72
1839,Male,30,69138,35
1840,Female,22,21982,14
1841,Male,49,126890,87
1842,Female,27,35385,24
1843,Male,25,64171,53
1844,Male,34,27778,22
1845,Male,31,62532,32
1846,Female,24,31191,26
1847,Female,51,141263,87
1848,Male,56,119273,71
1849,Male,19,34886,20
1850,Male,25,27308,19
1851,Female,28,35753,30
1852,Female,23,33117,5
1853,Male,29,22416,5
1854,Female,32,29521,11
1855,Female,24,20972,11
1856,Male,26,27174,28
1857,Male,32,76340,31
1858,Male,26,25769,8
1859,Male,54,97988,91
1860,Male,34,53778,49
1861,Female,46,64402,30
1862,Male,37,88569,59
1863,Female,35,26281,17
1864,Male,38,79292,60
1865,Female,24,39245,22
1866,Female,25,30737,6
1867,Male,33,36654,11
1868,Female,30,44251,52
1869,Female,53,146736,81
1870,Female,29,30545,21
1871,Female,60,144853,67
1872,Male,43,84797,64
1873,Female,37,55360,33
1874,Female,43,64712,30
1875,Male,27,76080,28
1876,Male,41,69131,42
1877,Female,59,85392,82
1878,Female,39,69566,47
1879,Female,35,72606,37
1880,Female,32,25884,12
1881,Female,52,89946,55
1882,Male,64,147212,91
1883,Male,28,54925,27
1884,Female,42,42508,32
1885,Female,26,30788,14
1886,Female,22,39792,29
1887,Female,27,29813,16
1888,Female,49,78007,20
1889,Male,39,147193,75
1890,Female,33,26877,12
1891,Male,51,140476,100
1892,Male,38,52310,46
1893,Female,42,69489,21
1894,Male,22,38923,14
1895,Female,35,63243,34
1896,Female,49,66435,54
1897,Male,25,78466,56
1898,Female,28,25036,23
1899,Female,37,53382,24
1900,Female,21,35557,15
1901,Male,35,119930,60
1902,Female,32,103283,94
1903,Female,24,26117,7
1904,Male,32,53493,38
1905,Male,36,43765,53
1906,Male,31,30707,17
1907,Female,35,24231,18
1908,Male,54,89012,63
1909,Female,31,30150,27
1910,Male,27,39782,23
1911,Male,47,140156,62
1912,Male,20,34605,17
1913,Female,61,123108,79
1914,Female,35,85122,68
1915,Male,37,59493,59
1916,Female,30,56327,59
1917,Male,46,65209,31
1918,Female,32,42861,30
1919,Male,34,118258,94
1920,Male,49,66953,55
1921,Female,49,45015,26
1922,Male,30,69552,36
1923,Male,59,85850,51
1924,Female,54,140542,71
1925,Female,19,32998,5
1926,Female,28,24472,26
1927,Male,27,70235,25
1928,Female,38,137373,80
1929,Male,18,25589,24
1930,Female,21,29638,22
1931,Female,18,22542,26
1932,Male,29,34439,10
1933,Female,64,84514,63
1934,Male,63,86259,91
1935,Male,39,60206,23
1936,Female,24,32366,12
1937,Female,20,26553,5
1938,Male,28,20477,11
1939,Male,23,23165,28
1940,Female,34,33621,8
1941,Male,45,76834,32
1942,Male,57,131781,57
1943,Male,29,23469,15
1944,Female,28,33177,5
1945,Female,25,35033,7
1946,Male,32,128362,54
1947,Female,49,59761,58
1948,Male,23,37569,13
1949,Male,54,122513,93
1950,Female,45,51490,40
1951,Female,18,30980,24
1952,Male,45,73490,34
1953,Male,21,20695,14
1954,Male,45,136164,89
1955,Female,29,24507,20
1956,Male,30,24969,11
1957,Female,32,39597,28
1958,Male,28,29113,25
1959,Male,48,134380,98
1960,Male,28,30855,12
1961,Male,45,87087,93
1962,Male,63,130002,70
1963,Male,27,40396,51
1964,Male,22,21707,11
1965,Male,35,25691,30
1966,Female,20,36627,18
1967,Male,48,50758,32
1968,Female,44,51562,35
1969,Male,39,77776,60
1970,Female,27,71534,43
1971,Female,40,50994,48
1972,Female,39,136810,100
1973,Female,31,32498,7
1974,Male,65,100027,96
1975,Female,39,64933,39
1976,Female,42,64585,58
1977,Female,22,30919,27
1978,Male,24,25070,5
1979,Female,61,129054,75
1980,Female,37,64454,51
1981,Male,56,89336,52
1982,Female,30,77067,32
1983,Female,41,62844,51
1984,Male,54,87563,77
1985,Male,19,35654,16
1986,Female,46,99383,88
1987,Male,46,99315,65
1988,Female,20,23825,25
1989,Male,27,78414,53
1990,Female,38,50867,36
1991,Female,54,149887,87
1992,Female,35,133950,56
1993,Female,24,28815,28
1994,Female,30,120383,60
1995,Female,20,23174,29
1996,Female,48,134636,96
1997,Male,29,25780,10
1998,Male,23,35940,21
1999,Male,31,77164,31
2000,Female,24,25987,13
2001,Male,45,47156,30
2002,Female,37,45616,27
2003,Male,18,31211,23
2004,Male,46,71797,26
2005,Male,18,28718,26
2006,Male,34,26916,30
2007,Female,41,79517,37
2008,Female,44,62087,47
2009,Female,35,62483,35
2010,Male,54,132228,89
2011,Male,50,61643,26
2012,Male,48,66332,28
2013,Male,63,96108,67
2014,Female,44,69616,50
2015,Female,30,104633,90
2016,Female,19,31803,30
2017,Female,44,138236,88
2018,Female,36,45332,47
2019,Male,54,93166,68
2020,Male,63,98764,86
2021,Female,20,36316,14
2022,Male,21,34623,20
2023,Male,23,26935,29
2024,Female,18,34250,10
2025,Female,32,58373,36
2026,Female,38,96134,84
2027,Male,25,30905,23
2028,Female,54,124987,95
2029,Female,44,137273,64
2030,Male,20,29534,8
2031,Female,31,78810,27
2032,Male,30,30268,23
2033,Male,43,44055,54
2034,Male,35,67767,43
2035,Male,36,109116,75
2036,Female,50,140372,59
2037,Female,32,36378,9
2038,Male,28,21125,14
2039,Male,40,77615,60
2040,Male,47,59103,44
2041,Male,47,50007,33
2042,Female,41,86889,81
2043,Female,25,50432,55
2044,Female,46,67684,50
2045,Female,27,65628,53
2046,Female,47,52785,55
2047,Male,28,24289,29
2048,Male,59,119855,91
2049,Female,58,98030,94
2050,Male,31,49491,33
2051,Male,53,81197,96
2052,Male,54,99346,77
2053,Male,29,23147,20
2054,Female,34,23845,25
2055,Female,39,136861,90
2056,Female,21,21113,12
2057,Male,47,59837,58
2058,Female,35,129200,99
2059,Female,47,130082,90
2060,Male,28,40760,27
2061,Male,34,36030,12
2062,Male,47,142848,94
2063,Female,54,103736,80
2064,Female,29,77448,26
2065,Male,23,37613,17
2066,Female,42,76441,53
2067,Male,35,37003,27
2068,Male,23,23844,24
2069,Female,32,38177,30
2070,Male,22,21282,23
2071,Female,35,101130,85
2072,Female,21,22772,21
2073,Male,30,75679,47
2074,Female,19,29850,21
2075,Female,38,138316,86
2076,Male,63,121017,72
2077,Male,32,92977,65
2078,Male,27,24642,11
2079,Male,52,108316,67
2080,Female,34,135314,85
2081,Female,45,65020,30
2082,Male,33,45456,47
2083,Female,34,106707,90
2084,Male,53,105248,86
2085,Female,35,50059,47
2086,Female,25,39779,7
2087,Female,21,37415,26
2088,Female,20,30792,16
2089,Female,50,49589,34
2090,Female,30,23209,12
2091,Female,23,24046,21
2092,Female,36,144175,83
2093,Male,65,116961,67
2094,Female,28,25595,29
2095,Female,35,31310,22
2096,Male,29,78817,36
2097,Male,39,147314,92
2098,Female,26,32412,6
2099,Female,56,112651,95
2100,Female,29,34383,30
2101,Male,47,117594,77
2102,Female,34,45697,46
2103,Male,20,22604,28
2104,Female,19,25410,7
2105,Male,30,144598,77
2106,Male,41,72624,54
2107,Male,44,40910,32
2108,Female,64,135702,97
2109,Female,19,37305,24
2110,Male,25,37154,10
2111,Male,41,48737,42
2112,Female,37,72473,30
2113,Male,25,31074,22
2114,Female,40,59606,38
2115,Female,30,20073,11
2116,Female,32,147571,79
2117,Female,18,31657,24
2118,Male,36,59552,26
2119,Male,37,52200,42
2120,Male,33,34116,11
2121,Male,39,147412,76
2122,Male,29,40452,36
2123,Female,36,65910,39
2124,Male,42,51939,37
2125,Female,30,68793,28
2126,Male,30,136880,72
2127,Male,27,26211,6
2128,Male,48,67594,41
2129,Female,33,26520,26
2130,Female,33,33798,22
2131,Female,50,96703,98
2132,Male,38,130967,57
2133,Male,22,24132,16
2134,Female,33,110999,93
2135,Female,48,79130,20
2136,Male,34,58970,51
2137,Male,44,56236,29
2138,Male,21,29212,13
2139,Male,42,136250,80
2140,Male,41,145841,62
2141,Male,22,23947,17
2142,Male,29,52594,47
2143,Female,35,106167,53
2144,Male,34,74404,60
2145,Male,31,31015,20
2146,Male,33,135977,69
2147,Female,33,63827,42
2148,Male,19,30480,10
2149,Female,28,21708,11
2150,Female,44,58360,26
2151,Female,33,28266,16
2152,Male,28,47309,20
2153,Female,48,63630,43
2154,Female,24,29042,23
2155,Male,22,23485,25
2156,Female,24,39220,11
2157,Female,35,22453,24
2158,Male,49,71077,32
2159,Female,24,24188,18
2160,Male,53,125526,78
2161,Male,40,44437,46
2162,Male,26,39633,27
2163,Male,43,42978,23
2164,Male,61,132100,93
2165,Female,34,34344,17
2166,Male,33,79794,33
2167,Male,24,25242,23
2168,Female,62,139695,95
2169,Male,34,54439,37
2170,Male,19,27337,22
2171,Female,45,42561,29
2172,Male,19,28861,25
2173,Female,21,37517,5
2174,Female,50,128380,55
2175,Female,56,97512,89
2176,Female,45,43752,20
2177,Male,23,29164,13
2178,Female,54,93951,91
2179,Female,58,107021,64
2180,Female,43,53364,60
2181,Female,25,34616,28
2182,Female,40,49721,25
2183,Male,23,35053,10
2184,Female,41,144293,91
2185,Female,23,30163,10
2186,Male,34,104621,59
2187,Male,39,56072,45
2188,Male,38,149045,96
2189,Male,54,93071,74
2190,Male,19,20444,9
2191,Male,22,28770,25
2192,Female,35,23484,28
2193,Female,42,91136,58
2194,Female,40,138238,69
2195,Female,32,50126,23
2196,Male,31,96131,52
2197,Female,36,118894,82
2198,Male,25,20039,5
2199,Female,29,65256,42
2200,Male,21,32607,20
2201,Female,21,27357,14
2202,Male,21,30935,16
2203,Female,22,39808,10
2204,Female,41,123888,93
2205,Male,27,29881,16
2206,Female,46,72718,43
2207,Male,30,90009,59
2208,Female,37,49684,48
2209,Female,31,23708,28
2210,Male,28,22963,9
2211,Female,35,63108,51
2212,Female,44,67128,60
2213,Female,30,28057,18
2214,Male,61,149962,84
2215,Male,43,45479,46
2216,Male,45,91436,73
2217,Female,29,20562,22
2218,Female,19,23609,16
2219,Female,32,29656,9
2220,Male,25,26905,6
2221,Male,30,24688,28
2222,Male,53,135667,53
2223,Male,60,89669,88
2224,Male,29,24813,9
2225,Female,18,22525,23
2226,Male,33,25977,28
2227,Female,49,149133,80
2228,Male,58,124215,100
2229,Male,29,47291,23
2230,Male,62,102751,60
2231,Female,46,67762,49
2232,Male,49,145781,95
2233,Female,33,50276,25
2234,Male,30,26942,24
2235,Male,23,32854,28
2236,Female,60,141398,70
2237,Female,26,50801,43
2238,Male,21,28844,8
2239,Male,49,79530,41
2240,Male,23,29247,22
2241,Female,18,26943,29
2242,Male,24,38077,25
2243,Male,20,28820,23
2244,Female,32,143413,53
2245,Female,18,30112,16
2246,Female,31,72782,40
2247,Male,38,126640,94
2248,Male,48,66691,52
2249,Female,31,99685,87
2250,Male,26,78427,38
2251,Male,20,35175,25
2252,Male,43,110352,93
2253,Female,62,101108,83
2254,Female,35,48598,38
2255,Female,32,136479,95
2256,Female,20,26842,9
2257,Female,22,20489,29
2258,Female,61,91425,56
2259,Male,34,51122,30
2260,Male,36,77782,42
2261,Female,32,25871,13
2262,Male,45,68969,28
2263,Female,32,143997,73
2264,Female,44,66806,28
2265,Female,44,73585,40
2266,Female,34,33539,19
2267,Male,33,85593,97
2268,Female,39,81041,56
2269,Male,43,50368,45
2270,Male,32,32721,26
2271,Female,39,70531,54
2272,Male,23,22812,28
2273,Female,31,68384,45
2274,Female,28,30396,24
2275,Female,21,35604,13
2276,Male,22,37861,20
2277,Male,50,107979,86
2278,Female,33,129844,73
2279,Male,26,53986,33
2280,Male,47,135433,66
2281,Female,20,24644,13
2282,Male,32,29775,18
2283,Male,41,114006,53
2284,Male,49,62414,39
2285,Female,31,31445,20
2286,Female,57,101061,72
2287,Male,24,38379,7
2288,Female,25,60743,29
2289,Female,28,36365,8
2290,Female,48,74124,20
2291,Male,21,34723,6
2292,Male,56,104596,94
2293,Male,43,129487,72
2294,Female,18,38901,16
2295,Male,27,29894,21
2296,Female,59,145422,76
2297,Female,42,63082,47
2298,Female,32,25761,18
2299,Female,23,38112,22
2300,Female,46,58679,47
2301,Male,35,93005,56
2302,Female,56,82153,56
2303,Male,58,93068,82
2304,Male,56,117998,63
2305,Male,37,76148,27
2306,Female,36,48155,49
2307,Male,30,131879,73
2308,Female,47,117172,92
2309,Male,46,67178,35
2310,Male,25,42141,21
2311,Female,48,74010,58
2312,Male,43,51168,47
2313,Female,42,131296,89
2314,Female,31,38935,9
2315,Male,55,102769,70
2316,Male,28,55136,28
2317,Male,46,131381,85
2318,Male,27,53353,25
2319,Male,45,40756,57
2320,Female,20,37815,23
2321,Female,32,24277,25
2322,Male,25,27855,14
2323,Female,54,112145,99
2324,Male,47,86782,55
2325,Female,36,83033,57
2326,Female,36,96080,59
2327,Female,27,51837,24
2328,Female,37,53629,26
2329,Male,20,33557,20
2330,Female,30,33759,15
2331,Male,27,25891,5
2332,Female,37,84122,71
2333,Male,42,79321,20
2334,Male,37,113357,62
2335,Male,63,83019,82
2336,Male,21,31956,11
2337,Male,32,49080,25
2338,Male,40,57935,32
2339,Female,45,76142,38
2340,Female,57,144985,82
2341,Female,23,28195,11
2342,Female,43,46743,57
2343,Female,33,26744,18
2344,Female,48,79081,37
2345,Male,54,94097,77
2346,Male,53,126257,90
2347,Female,26,50960,52
2348,Female,48,133714,88
2349,Female,28,41962,31
2350,Male,36,52184,35
2351,Female,29,32178,9
2352,Male,28,20315,27
2353,Female,43,123105,79
2354,Female,20,38403,17
2355,Male,63,107810,63
2356,Female,34,116444,86
2357,Male,50,137043,70
2358,Male,33,21627,20
2359,Female,28,67606,27
2360,Female,28,39707,23
2361,Male,18,38887,14
2362,Male,59,80609,68
2363,Male,42,42425,53
2364,Male,27,41066,50
2365,Female,33,59726,40
2366,Female,42,45227,40
2367,Female,55,86169,69
2368,Male,36,47956,59
2369,Male,19,27340,5
2370,Male,31,30579,12
2371,Male,29,26263,22
2372,Male,46,86880,100
2373,Female,27,21572,7
2374,Male,33,64874,30
2375,Female,37,140384,58
2376,Female,31,39140,25
2377,Male,63,96039,83
2378,Female,61,142642,67
2379,Female,44,143269,55
2380,Male,36,45426,55
2381,Female,34,106986,54
2382,Male,18,26962,26
2383,Male,31,65235,51
2384,Female,43,53674,53
2385,Male,45,69754,29
2386,Female,29,27169,17
2387,Female,42,147300,99
2388,Male,26,22249,18
2389,Female,36,120258,59
2390,Female,25,23611,5
2391,Female,18,28741,20
2392,Male,28,57404,55
2393,Female,31,68277,29
2394,Male,62,136472,71
2395,Male,36,57864,26
2396,Female,57,130137,62
2397,Female,23,33195,24
2398,Male,63,144699,77
2399,Male,45,86536,57
2400,Female,19,21741,23
2401,Female,35,22157,8
2402,Male,30,33256,17
2403,Male,33,28790,11
2404,Female,27,31391,27
2405,Female,36,80407,61
2406,Female,45,120019,60
2407,Female,40,89103,61
2408,Female,25,49295,50
2409,Male,30,41364,36
2410,Male,29,20318,20
2411,Male,40,56220,27
2412,Male,27,38588,12
2413,Female,21,23077,14
2414,Female,48,72156,42
2415,Female,46,143765,73
2416,Female,27,31554,27
2417,Male,37,143485,67
2418,Male,25,33445,26
2419,Female,25,72625,35
2420,Male,48,53520,25
2421,Female,33,47073,60
2422,Female,46,102931,93
2423,Female,43,65626,46
2424,Female,26,52489,57
2425,Female,57,96116,100
2426,Male,48,125481,57
2427,Female,39,49642,29
2428,Female,49,101313,81
2429,Male,18,29657,19
2430,Female,21,29273,6
2431,Male,38,40333,42
2432,Female,22,28238,16
2433,Female,35,100321,95
2434,Male,31,26446,23
2435,Female,26,54343,50
2436,Male,31,32656,17
2437,Male,44,59793,39
2438,Male,50,137123,87
2439,Female,46,106149,58
2440,Male,49,106151,69
2441,Male,45,77136,49
2442,Female,28,68632,28
2443,Female,62,121059,93
2444,Female,38,63212,49
2445,Male,25,70230,55
2446,Female,49,45795,28
2447,Male,34,39016,16
2448,Female,33,118449,98
2449,Female,18,33203,19
2450,Male,19,22774,13
2451,Female,28,78950,38
2452,Male,33,123425,57
2453,Female,63,106878,59
2454,Female,22,27325,14
2455,Male,61,80845,89
2456,Male,18,22200,9
2457,Male,45,92696,63
2458,Female,41,41615,48
2459,Female,27,23991,17
2460,Female,35,27698,13
2461,Male,57,96147,59
2462,Male,25,24642,10
2463,Male,34,71487,38
2464,Female,53,144613,92
2465,Female,47,65285,26
2466,Female,29,67841,21
2467,Male,43,47872,44
2468,Female,32,119683,91
2469,Female,22,31623,19
2470,Male,30,40597,42
2471,Male,37,74410,52
2472,Female,29,24961,25
2473,Female,33,49177,39
2474,Male,30,35851,20
2475,Male,63,146450,66
2476,Female,52,122477,87
2477,Male,18,21472,28
2478,Female,21,23163,20
2479,Male,49,55173,35
2480,Male,31,32585,7
2481,Male,37,112831,52
2482,Male,44,64531,60
2483,Female,21,30523,27
2484,Male,45,48730,56
2485,Female,33,28273,19
2486,Male,23,26592,18
2487,Male,18,39074,25
2488,Female,22,21089,5
2489,Female,42,77243,24
2490,Male,33,37306,11
2491,Female,62,142093,72
2492,Female,34,98071,78
2493,Male,34,129298,86
2494,Male,27,36949,8
2495,Female,26,55110,58
2496,Female,27,27340,13
2497,Female,34,126911,60
2498,Female,25,37511,21
2499,Female,42,43712,27
2500,Female,26,41964,41
2501,Male,35,53140,23
2502,Male,28,37926,29
2503,Male,20,36172,30
2504,Male,38,44637,58
2505,Male,38,142753,67
2506,Male,33,21166,21
2507,Female,57,125908,80
2508,Male,19,20702,5
2509,Female,31,129727,85
2510,Male,30,32685,27
2511,Male,42,67972,28
2512,Female,44,47732,43
2513,Male,31,31243,6
2514,Female,18,23014,12
2515,Male,30,86000,96
2516,Female,19,22510,9
2517,Female,19,29260,15
2518,Female,48,112013,58
2519,Male,46,48020,24
2520,Female,31,75628,51
2521,Female,27,34533,16
2522,Female,63,112008,67
2523,Female,36,145987,53
2524,Male,33,71864,25
2525,Male,25,37071,14
2526,Male,22,32202,6
2527,Male,59,137708,57
2528,Female,33,42212,37
2529,Female,26,45537,37
2530,Female,37,41235,44
2531,Male,24,27354,17
2532,Female,64,136503,53
2533,Female,29,37745,5
2534,Female,31,78729,21
2535,Male,57,136895,100
2536,Female,30,38130,28
2537,Female,57,140752,86
2538,Male,32,32494,28
2539,Female,26,20497,30
2540,Female,35,28189,14
2541,Female,32,131721,89
2542,Male,46,57612,36
2543,Male,28,30056,13
2544,Male,25,70325,48
2545,Male,36,42425,50
2546,Female,43,43839,25
2547,Male,34,121160,78
2548,Male,33,58097,51
2549,Male,22,25717,24
2550,Female,19,23750,10
2551,Male,32,121593,85
2552,Female,26,28488,5
2553,Male,45,85863,72
2554,Male,32,36611,8
2555,Female,28,26686,23
2556,Female,34,134521,91
2557,Female,25,49376,40
2558,Female,45,66747,43
2559,Male,30,42041,43
2560,Male,43,49834,21
2561,Female,50,107719,82
2562,Male,19,32413,26
2563,Female,27,45140,34
2564,Female,63,95891,53
2565,Female,63,148740,78
2566,Male,43,52781,38
2567,Male,50,55930,43
2568,Male,48,60631,27
2569,Female,36,66864,25
2570,Female,34,146275,73
2571,Female,58,110192,100
2572,Male,22,38656,22
2573,Female,46,78322,28
2574,Male,35,62385,27
2575,Female,41,67592,29
2576,Male,41,105965,79
2577,Female,31,23958,13
2578,Female,38,93237,52
2579,Female,20,25470,9
2580,Male,29,63223,45
2581,Female,37,118455,71
2582,Female,32,94125,54
2583,Female,45,66796,48
2584,Male,47,71267,28
2585,Male,35,146764,59
2586,Female,59,128480,74
2587,Female,41,51581,57
2588,Female,27,27610,20
2589,Female,34,38485,21
2590,Male,37,61155,40
2591,Female,24,21374,18
2592,Female,36,121204,72
2593,Female,27,23884,13
2594,Female,30,54656,38
2595,Female,44,93909,92
2596,Male,24,23144,22
2597,Male,19,39608,22
2598,Male,18,36002,16
2599,Male,38,77431,48
2600,Female,28,59329,27
2601,Male,33,72325,25
2602,Male,36,47632,25
2603,Female,50,89745,60
2604,Male,45,69718,52
2605,Male,32,121262,77
2606,Male,50,148327,62
2607,Female,45,81044,58
2608,Male,26,26411,20
2609,Female,48,52262,51
2610,Male,20,26506,21
2611,Male,20,34231,20
2612,Female,32,103345,76
2613,Female,45,129845,90
2614,Female,46,74764,31
2615,Female,33,29572,20
2616,Female,64,126809,80
2617,Female,21,27173,29
2618,Female,35,69305,35
2619,Male,32,25773,15
2620,Female,47,66089,28
2621,Male,38,79390,35
2622,Female,41,57558,33
2623,Female,28,38424,13
2624,Female,50,65649,48
2625,Female,26,57085,37
2626,Male,51,108697,90
2627,Male,38,69336,34
2628,Female,37,107027,89
2629,Male,35,39823,5
2630,Female,49,45914,41
2631,Male,33,88318,83
2632,Female,31,75092,30
2633,Female,48,110059,60
2634,Male,31,67092,55
2635,Male,18,21182,29
2636,Male,61,132158,52
2637,Male,25,59756,34
2638,Female,21,28927,30
2639,Female,38,132527,97
2640,Female,20,22507,21
2641,Male,35,20483,24
2642,Female,30,39273,11
2643,Female,41,67862,21
2644,Female,31,70074,26
2645,Female,54,141787,68
2646,Female,31,27282,22
2647,Male,47,58639,54
2648,Female,40,41128,45
2649,Male,58,94195,64
2650,Female,39,55211,43
2651,Male,49,94280,71
2652,Male,36,90962,85
2653,Male,25,36050,7
2654,Male,41,71032,56
2655,Female,26,36168,18
2656,Female,39,124285,52
2657,Male,30,133285,67
2658,Female,64,144058,81
2659,Female,50,110898,79
2660,Male,36,90673,77
2661,Male,49,48341,20
2662,Female,40,95922,62
2663,Male,31,21279,20
2664,Female,61,148758,58
2665,Female,34,40606,27
2666,Female,41,57767,40
2667,Male,39,101750,68
2668,Female,63,128660,88
2669,Male,31,70335,41
2670,Female,33,37182,5
2671,Male,29,51745,50
2672,Male,24,30218,11
2673,Male,51,140108,56
2674,Female,40,141432,54
2675,Male,52,109626,90
2676,Female,27,28997,18
2677,Male,33,66428,55
2678,Male,22,39419,8
2679,Male,33,51686,56
2680,Female,30,37115,15
2681,Male,43,142050,60
2682,Male,20,27092,30
2683,Female,33,25400,5
2684,Female,22,21710,21
2685,Male,35,70912,39
2686,Female,30,38354,17
2687,Female,52,142190,69
2688,Female,43,90249,60
2689,Female,57,98728,85
2690,Female,46,56419,27
2691,Female,41,125636,51
2692,Male,48,62674,47
2693,Male,54,105032,73
2694,Female,42,81398,78
2695,Female,30,105544,87
2696,Male,36,46167,36
2697,Female,32,115786,91
2698,Female,55,142748,52
2699,Female,43,43750,21
2700,Female,61,139569,61
2701,Male,32,93616,73
2702,Male,41,100079,58
2703,Male,26,47826,48
2704,Male,42,46388,37
2705,Female,51,82185,93
2706,Male,53,102179,83
2707,Male,56,132844,92
2708,Female,34,26322,9
2709,Female,32,25655,6
2710,Male,62,106041,76
2711,Female,49,80422,67
2712,Male,32,31188,23
2713,Male,35,140687,57
2714,Male,23,22831,15
2715,Female,24,20342,25
2716,Female,48,45326,35
2717,Male,38,105046,69
2718,Male,30,58813,37
2719,Male,56,121358,64
2720,Female,30,53056,38
2721,Female,46,137619,55
2722,Female,36,77925,42
2723,Female,32,102344,87
2724,Female,24,37627,27
2725,Female,31,58919,41
2726,Male,24,36818,13
2727,Male,26,57094,27
2728,Female,39,49162,57
2729,Male,37,76947,57
2730,Male,45,46855,42
2731,Female,33,33808,15
2732,Female,41,93134,72
2733,Male,35,35297,10
2734,Female,43,69913,56
2735,Female,60,132341,65
2736,Female,51,128918,80
2737,Male,32,42629,52
2738,Female,49,67911,37
2739,Male,40,83742,82
2740,Male,47,79115,53
2741,Female,38,98290,92
2742,Male,27,22962,30
2743,Female,37,70062,30
2744,Female,24,24832,10
2745,Male,30,45267,35
2746,Male,48,45909,35
2747,Male,30,129054,80
2748,Female,40,46547,55
2749,Female,60,107851,92
2750,Female,49,55908,26
2751,Female,22,30431,17
2752,Male,44,67826,45
2753,Male,46,72001,57
2754,Male,23,39940,29
2755,Male,35,63742,52
2756,Male,34,132190,91
2757,Male,24,36382,6
2758,Female,27,68534,41
2759,Female,57,103576,59
2760,Male,46,65350,50
2761,Female,30,67638,30
2762,Male,36,147809,79
2763,Male,45,46645,45
2764,Female,22,30453,23
2765,Female,30,139597,81
2766,Female,34,43572,47
2767,Female,58,95198,82
2768,Male,42,61958,43
2769,Female,35,33895,29
2770,Female,39,90486,50
2771,Female,42,113795,82
2772,Male,39,43181,38
2773,Male,32,36043,16
2774,Female,46,128404,77
2775,Female,31,118816,84
2776,Male,29,29608,18
2777,Male,34,61275,60
2778,Male,52,94638,96
2779,Male,45,131932,61
2780,Male,38,92395,96
2781,Female,57,144677,67
2782,Female,48,55997,53
2783,Male,28,22507,16
2784,Male,21,39967,17
2785,Male,38,59790,45
2786,Male,20,28416,18
2787,Male,26,38707,14
2788,Female,53,86400,86
2789,Male,26,34317,28
2790,Female,46,72870,22
2791,Female,26,29336,5
2792,Male,31,20613,26
2793,Female,39,57501,58
2794,Female,25,27252,5
2795,Female,27,22088,28
2796,Female,51,135150,84
2797,Female,25,76546,41
2798,Female,39,62699,29
2799,Male,43,145401,84
2800,Male,46,131126,75
2801,Female,61,90303,85
2802,Female,34,26801,16
2803,Male,39,60665,49
2804,Female,23,39167,24
2805,Male,56,136561,98
2806,Male,48,76466,51
2807,Male,29,75231,44
2808,Male,24,32967,11
2809,Female,41,117925,60
2810,Male,52,133545,98
2811,Female,33,79272,40
2812,Female,50,93846,82
2813,Female,33,33237,29
2814,Female,30,69455,31
2815,Female,42,40218,41
2816,Female,36,102579,74
2817,Male,31,66889,60
2818,Male,38,109385,89
2819,Male,31,133578,70
2820,Male,33,38655,26
2821,Female,48,41488,58
2822,Female,42,147021,60
2823,Male,30,55683,50
2824,Male,34,48693,24
2825,Male,32,38926,19
2826,Male,45,138150,100
2827,Female,45,72782,27
2828,Male,32,28023,28
2829,Female,31,21059,21
2830,Female,50,44611,46
2831,Male,64,95857,95
2832,Female,48,71510,23
2833,Female,36,42615,45
2834,Female,28,48130,29
2835,Female,40,94651,73
2836,Female,39,124542,65
2837,Male,21,28667,15
2838,Female,49,72215,35
2839,Female,47,59352,48
2840,Male,43,56903,37
2841,Male,34,24850,14
2842,Female,29,32152,27
2843,Female,43,50374,60
2844,Male,46,68826,38
2845,Female,39,96849,88
2846,Male,45,56862,34
2847,Male,27,39111,9
2848,Female,48,63865,52
2849,Female,36,51167,29
2850,Male,54,129068,81
2851,Female,41,143183,80
2852,Female,28,22121,12
2853,Male,22,27350,13
2854,Female,52,105813,81
2855,Male,63,81599,64
2856,Male,37,42152,60
2857,Male,27,73254,37
2858,Male,34,34635,12
2859,Male,47,51972,35
2860,Female,41,139777,52
2861,Male,35,116369,97
2862,Female,38,88345,83
2863,Female,25,26806,12
2864,Female,42,46440,23
2865,Male,42,89575,80
2866,Male,40,45464,32
2867,Male,61,108179,69
2868,Female,37,136328,96
2869,Female,59,105532,50
2870,Male,33,79410,51
2871,Female,40,73245,52
2872,Male,46,119274,84
2873,Female,46,58041,55
2874,Male,37,137677,98
2875,Female,35,40427,52
2876,Female,30,50690,24
2877,Female,36,119929,78
2878,Male,42,103941,99
2879,Female,27,26986,21
2880,Female,40,74760,26
2881,Male,39,107563,70
2882,Male,23,32983,10
2883,Female,40,73847,58
2884,Female,44,115308,66
2885,Female,29,64300,39
2886,Female,50,126390,78
2887,Male,37,76915,46
2888,Male,38,43624,42
2889,Male,25,57970,32
2890,Male,48,113545,73
2891,Female,50,68016,44
2892,Female,43,106142,89
2893,Male,27,47001,35
2894,Female,48,71436,57
2895,Female,33,32781,12
2896,Male,33,129154,56
2897,Female,47,124917,84
2898,Male,28,58627,50
2899,Female,50,89697,99
2900,Male,27,24928,23
2901,Female,58,91535,65
2902,Female,65,114172,83
2903,Male,38,82864,99
2904,Female,53,121151,99
2905,Female,41,108155,70
2906,Male,29,35099,15
2907,Male,46,113951,88
2908,Female,31,23905,18
2909,Female,41,43147,23
2910,Female,31,38537,6
2911,Female,48,144488,86
2912,Male,34,88796,86
2913,Male,64,94723,60
2914,Male,42,141400,98
2915,Female,47,136485,79
2916,Male,51,99949,54
2917,Female,59,124539,83
2918,Female,27,33155,5
2919,Female,25,20279,15
2920,Female,25,28482,23
2921,Female,42,139998,99
2922,Male,42,100002,99
2923,Male,23,30108,8
2924,Female,38,85171,84
2925,Male,28,30730,12
2926,Female,23,29926,18
2927,Male,29,27118,5
2928,Female,37,48068,21
2929,Female,54,107339,53
2930,Female,31,66160,33
2931,Male,35,96338,61
2932,Female,21,26869,20
2933,Male,56,121534,62
2934,Female,29,36610,20
2935,Male,59,94679,51
2936,Female,37,67526,26
2937,Female,27,60314,47
2938,Male,30,22767,20
2939,Male,26,61185,29
2940,Male,18,38500,9
2941,Male,19,35394,6
2942,Female,53,118415,89
2943,Male,23,33737,10
2944,Male,53,103804,57
2945,Female,24,36303,14
2946,Female,46,128913,89
2947,Female,28,20846,5
2948,Female,31,24729,6
2949,Male,40,148839,60
2950,Female,25,31425,7
2951,Female,33,23683,19
2952,Male,38,137726,88
2953,Male,40,71211,36
2954,Male,36,75388,59
2955,Male,48,72296,56
2956,Male,34,27186,9
2957,Female,21,22693,27
2958,Female,32,46896,34
2959,Female,28,29866,27
2960,Female,63,148146,86
2961,Male,31,30746,16
2962,Male,54,84485,90
2963,Male,18,25969,9
2964,Male,30,25304,15
2965,Male,60,143016,72
2966,Female,58,133170,63
2967,Male,64,114446,78
2968,Female,62,116609,71
2969,Female,28,28365,30
2970,Female,36,139810,92
2971,Female,34,114454,100
2972,Male,42,41665,28
2973,Female,21,34989,8
2974,Female,27,31390,19
2975,Female,62,90874,61
2976,Male,39,105543,93
2977,Male,29,26510,21
2978,Female,63,149541,53
2979,Female,63,110202,60
2980,Male,23,23281,25
2981,Female,64,99929,89
2982,Female,19,29123,17
2983,Female,38,74193,50
2984,Male,48,48920,39
2985,Female,35,28235,26
2986,Female,20,39463,6
2987,Male,33,24711,10
2988,Female,45,50449,46
2989,Male,45,105345,72
2990,Male,22,29051,17
2991,Male,43,99902,78
2992,Male,50,116106,50
2993,Female,63,120784,56
2994,Female,27,34361,8
2995,Male,28,22306,13
2996,Female,28,56741,60
2997,Female,30,78337,51
2998,Female,21,37132,7
2999,Male,31,36204,18
3000,Female,47,93787,96
3001,Female,35,73280,46
3002,Female,25,45445,26
3003,Female,33,39194,12
3004,Female,36,114832,99
3005,Female,63,129259,92
3006,Male,21,39715,23
3007,Male,37,92440,98
3008,Female,46,78018,58
3009,Female,36,42612,48
3010,Female,32,148519,75
3011,Male,43,83360,86
3012,Female,21,30779,14
3013,Female,26,34962,16
3014,Male,33,56298,48
3015,Female,47,70028,60
3016,Female,35,26860,29
3017,Male,52,132601,99
3018,Male,35,45824,42
3019,Female,28,60043,25
3020,Female,45,72584,31
3021,Female,33,28673,16
3022,Male,49,63688,30
3023,Female,28,41043,32
3024,Male,65,118824,84
3025,Male,31,44976,25
3026,Female,46,133036,59
3027,Female,55,126373,58
3028,Male,20,29630,15
3029,Male,32,42672,55
3030,Male,31,115885,81
3031,Female,45,108701,64
3032,Female,39,108307,50
3033,Female,33,20680,19
3034,Female,56,105197,61
3035,Female,46,130738,95
3036,Male,36,68266,43
3037,Male,36,75413,24
3038,Male,50,56180,54
3039,Female,33,36628,22
3040,Female,25,39794,28
3041,Male,59,109355,67
3042,Female,40,68696,57
3043,Female,18,25614,22
3044,Male,52,87542,80
3045,Female,20,31613,28
3046,Female,31,113031,95
3047,Female,37,48739,33
3048,Female,47,75284,39
3049,Male,34,38673,18
3050,Male,30,121216,89
3051,Male,37,126969,99
3052,Male,63,88339,76
3053,Male,45,105509,88
3054,Male,33,20966,28
3055,Female,28,45839,45
3056,Male,47,64988,50
3057,Female,28,51992,39
3058,Male,26,34102,20
3059,Male,30,28536,11
3060,Male,35,45345,48
3061,Male,31,113786,88
3062,Male,53,87752,56
3063,Female,18,37338,5
3064,Female,25,60071,56
3065,Female,24,25648,25
3066,Male,24,37537,16
3067,Male,53,100273,86
3068,Female,41,51632,29
3069,Male,35,21270,30
3070,Male,28,59099,42
3071,Female,40,147959,56
3072,Female,22,39775,24
3073,Male,37,75912,48
3074,Female,51,88580,65
3075,Female,33,27846,11
3076,Male,19,31741,20
3077,Female,50,91921,83
3078,Male,48,106336,70
3079,Female,34,52978,60
3080,Female,37,68517,25
3081,Female,21,36096,15
3082,Female,49,130961,81
3083,Male,63,87224,52
3084,Female,35,30063,10
3085,Male,64,86285,51
3086,Male,31,65224,42
3087,Male,62,136859,83
3088,Male,32,128604,63
3089,Male,32,52170,40
3090,Male,61,106687,63
3091,Male,24,32500,27
3092,Male,32,40310,41
3093,Male,36,54966,45
3094,Female,25,24642,24
3095,Female,47,77390,60
3096,Male,31,28933,27
3097,Male,37,67108,37
3098,Female,44,56608,20
3099,Male,22,34717,26
3100,Female,21,23748,10
3101,Male,35,26008,15
3102,Female,55,113619,68
3103,Male,33,77362,26
3104,Female,27,53246,55
3105,Female,34,24165,6
3106,Male,28,47165,34
3107,Male,27,52089,24
3108,Female,39,64307,29
3109,Male,62,85380,99
3110,Male,19,30417,23
3111,Female,26,31185,10
3112,Female,45,53149,23
3113,Male,34,50033,52
3114,Female,24,26028,15
3115,Female,20,34435,12
3116,Female,39,101115,85
3117,Male,20,23649,18
3118,Male,50,102271,73
3119,Female,25,23401,5
3120,Male,19,38438,17
3121,Male,35,21153,7
3122,Female,54,142446,68
3123,Female,46,55575,51
3124,Female,40,69817,29
3125,Female,44,127203,59
3126,Male,54,102852,66
3127,Male,38,41372,39
3128,Male,31,35071,27
3129,Male,45,48193,42
3130,Female,38,67599,49
3131,Female,39,65456,43
3132,Male,29,66141,53
3133,Male,24,27109,23
3134,Female,59,127633,85
3135,Male,31,60112,45
3136,Female,42,47120,48
3137,Male,33,134017,62
3138,Female,30,76155,44
3139,Male,18,34515,27
3140,Female,46,77184,31
3141,Male,55,100428,86
3142,Male,28,33477,19
3143,Male,61,97112,70
3144,Male,34,92722,55
3145,Female,28,21728,7
3146,Male,48,53304,29
3147,Female,36,44326,59
3148,Male,60,138538,71
3149,Male,28,59873,55
3150,Female,31,25349,8
3151,Female,35,38404,25
3152,Male,45,116861,57
3153,Male,49,46361,22
3154,Male,37,70986,50
3155,Male,29,39207,19
3156,Female,40,41301,56
3157,Male,36,45571,24
3158,Male,30,29833,9
3159,Male,50,105838,68
3160,Male,50,79505,51
3161,Female,40,134753,73
3162,Male,26,36823,21
3163,Male,30,60877,23
3164,Female,46,120191,78
3165,Male,33,42651,49
3166,Male,26,76128,28
3167,Male,49,82518,74
3168,Female,37,64904,22
3169,Female,51,129170,73
3170,Female,29,62421,42
3171,Female,61,105284,68
3172,Female,20,34741,30
3173,Male,31,94879,58
3174,Male,23,22438,16
3175,Male,25,38740,29
3176,Female,18,20316,28
3177,Female,39,89225,87
3178,Male,36,123371,89
3179,Male,24,24545,28
3180,Female,20,23004,5
3181,Male,43,110549,53
3182,Male,45,60998,53
3183,Male,47,52930,51
3184,Male,48,58878,57
3185,Male,41,52119,20
3186,Male,26,26478,9
3187,Male,34,96254,62
3188,Female,30,54923,45
3189,Female,62,134038,90
3190,Male,26,33976,16
3191,Male,46,80915,68
3192,Female,20,22019,20
3193,Female,57,87917,55
3194,Female,28,22891,23
3195,Female,46,88634,96
3196,Female,48,63469,50
3197,Female,49,59676,51
3198,Male,44,104941,87
3199,Female,31,31563,19
3200,Female,39,66426,49
3201,Male,30,24655,18
3202,Male,30,30378,25
3203,Male,25,63967,47
3204,Male,23,39429,11
3205,Female,33,32821,9
3206,Female,25,52960,51
3207,Male,35,29945,13
3208,Female,33,35942,18
3209,Male,19,35969,16
3210,Female,33,30593,24
3211,Male,34,27705,20
3212,Male,25,72145,39
3213,Female,46,60356,59
3214,Female,38,95970,83
3215,Female,50,64468,28
3216,Female,34,142065,51
3217,Female,32,67328,33
3218,Female,50,110597,90
3219,Female,35,76372,56
3220,Male,38,105477,70
3221,Female,45,111066,81
3222,Female,34,30271,8
3223,Female,20,30539,21
3224,Male,48,79491,37
3225,Female,49,65531,32
3226,Male,53,98754,99
3227,Male,32,56160,60
3228,Male,44,63341,50
3229,Male,40,60973,40
3230,Male,37,104667,68
3231,Female,63,105551,82
3232,Male,31,32321,27
3233,Female,31,57104,29
3234,Female,31,20944,7
3235,Female,39,49674,60
3236,Female,58,100575,98
3237,Male,32,28963,13
3238,Male,48,139419,60
3239,Female,28,41111,23
3240,Female,53,142534,59
3241,Female,65,129155,51
3242,Female,55,122452,61
3243,Male,48,84526,70
3244,Male,38,87321,81
3245,Male,22,24584,8
3246,Female,35,110803,98
3247,Female,27,62161,46
3248,Male,30,36136,22
3249,Male,55,134572,94
3250,Male,43,91727,78
3251,Male,25,28544,12
3252,Male,33,83175,91
3253,Male,26,42778,34
3254,Female,34,24511,15
3255,Female,25,65939,52
3256,Male,46,41540,46
3257,Male,19,26557,11
3258,Male,30,144417,72
3259,Female,62,128249,60
3260,Female,35,24989,5
3261,Female,36,76455,52
3262,Male,26,26605,15
3263,Female,37,57061,27
3264,Female,39,41888,58
3265,Female,21,26056,6
3266,Female,24,26736,29
3267,Female,49,108094,73
3268,Male,26,27530,11
3269,Female,31,40810,31
3270,Female,30,36370,28
3271,Female,44,65608,30
3272,Male,44,76754,38
3273,Male,18,23514,5
3274,Female,18,28986,14
3275,Male,30,77231,26
3276,Female,45,54110,32
3277,Female,34,128866,67
3278,Male,49,82935,99
3279,Female,22,29897,13
3280,Male,18,23942,20
3281,Male,20,23689,28
3282,Female,47,77996,55
3283,Female,47,41478,56
3284,Female,24,25023,7
3285,Female,31,129469,52
3286,Male,38,70520,31
3287,Female,34,85771,99
3288,Female,60,116905,62
3289,Female,24,28911,12
3290,Female,31,21445,22
3291,Male,27,21549,16
3292,Male,59,128142,80
3293,Male,48,64331,55
3294,Female,38,62727,31
3295,Male,36,70637,38
3296,Female,64,144816,76
3297,Male,44,45665,36
3298,Female,45,63505,49
3299,Male,32,101532,71
3300,Male,64,124780,90
3301,Female,43,98287,94
3302,Male,21,33729,21
3303,Male,30,93607,66
3304,Male,51,109724,81
3305,Female,42,64466,45
3306,Female,29,38907,28
3307,Female,44,93949,90
3308,Male,18,26171,30
3309,Male,27,49460,39
3310,Male,31,59848,54
3311,Female,18,20770,5
3312,Male,23,26785,29
3313,Female,32,28304,8
3314,Female,25,66411,58
3315,Female,36,65411,33
3316,Male,40,78645,60
3317,Female,32,144400,81
3318,Female,33,42034,50
3319,Female,57,92845,94
3320,Male,31,144265,74
3321,Male,40,45690,36
3322,Female,21,28040,19
3323,Female,45,124221,88
3324,Female,27,30579,22
3325,Male,21,33454,5
3326,Male,62,83700,78
3327,Female,59,103754,67
3328,Male,46,86385,87
3329,Female,61,147729,61
3330,Female,26,50665,38
3331,Male,46,47187,29
3332,Male,33,35798,12
3333,Male,49,51575,44
3334,Female,32,51971,41
3335,Male,21,34570,8
3336,Female,18,24325,19
3337,Female,25,68178,53
3338,Male,56,93936,80
3339,Male,42,68592,47
3340,Female,26,22858,26
3341,Male,41,66301,35
3342,Male,23,20790,7
3343,Female,58,105757,92
3344,Male,60,114472,54
3345,Male,37,134166,85
3346,Male,22,26633,14
3347,Male,30,131211,73
3348,Female,37,81594,83
3349,Male,30,149536,69
3350,Male,40,55969,33
3351,Male,60,142227,80
3352,Male,30,25649,22
3353,Male,34,24160,9
3354,Male,27,73645,56
3355,Female,29,33549,12
3356,Male,49,43910,47
3357,Female,25,65862,32
3358,Male,44,69479,34
3359,Male,38,73393,60
3360,Female,34,39627,14
3361,Male,18,34180,18
3362,Male,39,91120,99
3363,Female,37,58178,37
3364,Female,49,124758,84
3365,Female,41,70796,51
3366,Male,60,97991,71
3367,Male,51,144182,84
3368,Male,33,57577,38
3369,Male,32,61244,56
3370,Female,31,60076,41
3371,Male,44,57295,47
3372,Female,48,98255,62
3373,Male,43,122092,79
3374,Female,25,29550,11
3375,Female,29,36284,12
3376,Female,43,57743,49
3377,Male,20,28346,13
3378,Male,37,76089,20
3379,Female,33,28349,19
3380,Male,42,135114,67
3381,Female,44,72083,26
3382,Male,35,65354,27
3383,Male,29,24027,29
3384,Female,26,22302,8
3385,Male,31,23142,11
3386,Female,30,87848,57
3387,Male,48,116329,77
3388,Female,26,27223,22
3389,Female,18,24971,22
3390,Male,30,25630,11
3391,Female,26,22987,30
3392,Male,25,23135,18
3393,Male,23,35057,10
3394,Female,25,47037,35
3395,Female,44,77987,44
3396,Female,21,27608,7
3397,Female,58,138213,59
3398,Female,31,129828,84
3399,Female,31,36106,30
3400,Female,40,41357,52
3401,Male,31,79751,43
3402,Female,54,90139,60
3403,Female,28,27141,16
3404,Male,47,56303,38
3405,Male,40,79350,21
3406,Male,58,88479,95
3407,Female,36,77464,43
3408,Female,31,36087,28
3409,Female,38,45862,36
3410,Female,29,28818,13
3411,Male,25,25522,23
3412,Male,29,32499,6
3413,Male,20,25202,24
3414,Female,41,45194,36
3415,Female,22,29606,18
3416,Male,31,27506,14
3417,Male,44,88752,55
3418,Female,48,103061,85
3419,Male,32,51005,21
3420,Male,34,90098,99
3421,Female,42,51713,27
3422,Male,41,128356,59
3423,Female,28,20286,10
3424,Male,62,82715,82
3425,Female,30,48844,23
3426,Female,25,24334,24
3427,Female,59,116605,65
3428,Male,25,23600,10
3429,Female,22,32367,5
3430,Female,50,74661,51
3431,Female,63,132939,79
3432,Female,46,133110,83
3433,Male,33,36487,9
3434,Male,29,22405,14
3435,Female,54,134055,74
3436,Male,35,41564,51
3437,Male,31,27063,29
3438,Female,50,78694,28
3439,Male,29,56023,21
3440,Female,40,56575,45
3441,Female,53,140975,63
3442,Male,19,33624,12
3443,Male,48,93275,73
3444,Male,37,70480,47
3445,Female,52,118528,82
3446,Female,20,35710,16
3447,Male,34,30169,10
3448,Male,35,24782,13
3449,Female,24,36695,25
3450,Female,30,34691,15
3451,Male,34,61400,43
3452,Female,58,96160,98
3453,Male,26,73683,55
3454,Female,28,32383,26
3455,Male,39,115010,59
3456,Male,26,32579,17
3457,Male,27,21442,5
3458,Male,24,33709,18
3459,Male,43,75851,36
3460,Female,23,22170,6
3461,Female,34,143263,64
3462,Female,21,36170,7
3463,Female,40,64387,36
3464,Female,63,122799,59
3465,Female,44,112151,51
3466,Female,35,57838,52
3467,Female,26,66523,57
3468,Male,29,46979,55
3469,Male,32,28150,9
3470,Female,53,146301,76
3471,Male,35,77130,39
3472,Male,33,25323,26
3473,Female,38,43729,45
3474,Female,33,33573,5
3475,Female,34,47748,35
3476,Female,43,65974,33
3477,Male,34,55408,35
3478,Female,44,50432,40
3479,Male,20,23298,7
3480,Male,31,37706,20
3481,Female,33,99908,50
3482,Female,22,21071,14
3483,Male,35,126825,52
3484,Male,28,61636,22
3485,Male,24,20006,30
3486,Female,28,72136,37
3487,Female,34,148955,89
3488,Female,32,22128,24
3489,Male,21,36871,20
3490,Female,32,117184,75
3491,Female,60,101339,78
3492,Female,48,120160,91
3493,Female,50,55409,39
3494,Male,32,27886,9
3495,Male,19,22603,23
3496,Male,32,23528,9
3497,Female,48,89626,99
3498,Female,45,121936,95
3499,Female,28,66861,55
3500,Male,60,107495,91
3501,Female,37,50258,32
3502,Female,19,21602,30
3503,Female,40,52226,49
3504,Female,58,122412,58
3505,Male,50,135358,98
3506,Male,26,25379,18
3507,Male,29,61925,22
3508,Male,33,36802,13
3509,Male,56,103660,52
3510,Female,51,127281,89
3511,Male,28,40179,50
3512,Female,28,24843,26
3513,Male,63,131208,87
3514,Female,39,42583,57
3515,Female,32,139826,68
3516,Female,20,33347,20
3517,Female,43,79895,34
3518,Female,58,109215,66
3519,Female,44,85073,92
3520,Male,25,57391,53
3521,Female,32,27267,12
3522,Female,19,34090,7
3523,Female,31,134624,82
3524,Male,61,86710,87
3525,Female,37,117690,65
3526,Male,41,123068,84
3527,Male,20,34073,15
3528,Female,28,41355,28
3529,Male,26,29578,18
3530,Female,48,53375,30
3531,Male,27,29462,22
3532,Male,21,25097,5
3533,Female,23,28849,8
3534,Female,41,47958,54
3535,Female,60,96003,92
3536,Male,20,31673,16
3537,Male,42,52405,36
3538,Male,34,91327,60
3539,Male,41,50508,54
3540,Female,25,63028,41
3541,Female,50,46787,52
3542,Female,24,25489,24
3543,Female,44,88768,92
3544,Female,54,140011,70
3545,Male,19,21375,19
3546,Female,29,38708,5
3547,Male,56,124397,97
3548,Male,27,70374,28
3549,Male,65,148224,99
3550,Female,60,97795,81
3551,Female,28,21064,12
3552,Male,48,135789,52
3553,Female,22,29837,27
3554,Female,33,50029,41
3555,Female,29,37398,7
3556,Male,38,59649,21
3557,Male,30,61479,25
3558,Male,53,93123,57
3559,Male,35,61874,27
3560,Male,35,107827,64
3561,Male,49,60413,55
3562,Female,65,118955,92
3563,Female,19,33226,14
3564,Male,26,30920,28
3565,Male,21,22252,23
3566,Female,19,35629,20
3567,Male,28,75518,36
3568,Male,35,112450,71
3569,Male,21,38645,25
3570,Male,48,54314,28
3571,Male,45,146805,76
3572,Male,47,148547,86
3573,Female,32,75885,23
3574,Female,24,32728,21
3575,Female,37,48926,57
3576,Male,47,117704,65
3577,Female,46,135079,91
3578,Male,30,23755,23
3579,Male,38,113152,86
3580,Male,45,95725,58
3581,Male,19,28191,28
3582,Female,38,131736,63
3583,Male,18,38827,25
3584,Male,30,94519,76
3585,Male,39,53522,29
3586,Female,53,96153,70
3587,Female,46,74004,37
3588,Female,39,106417,63
3589,Female,46,52320,35
3590,Female,38,57950,23
3591,Male,32,34198,10
3592,Male,34,35032,14
3593,Female,34,47236,29
3594,Female,38,51603,20
3595,Female,59,88558,72
3596,Female,58,109401,62
3597,Female,33,65598,30
3598,Male,22,34356,5
3599,Male,54,143688,64
3600,Female,29,28771,21
3601,Female,47,92954,92
3602,Male,31,132915,54
3603,Male,26,29267,30
3604,Female,41,149457,90
3605,Female,39,80441,51
3606,Female,51,135014,50
3607,Female,21,26139,28
3608,Female,46,135685,94
3609,Female,55,106144,92
3610,Male,33,32449,24
3611,Female,19,30640,15
3612,Female,42,55805,41
3613,Male,35,34117,5
3614,Female,22,38519,12
3615,Male,32,26716,18
3616,Male,32,37975,27
3617,Male,24,27029,16
3618,Female,18,28403,23
3619,Male,32,29188,11
3620,Male,44,55512,27
3621,Male,42,79211,60
3622,Male,26,35597,22
3623,Female,61,80833,63
3624,Male,27,46559,52
3625,Female,30,116394,77
3626,Male,42,69645,30
3627,Female,31,92780,92
3628,Male,23,25638,12
3629,Male,42,103513,63
3630,Female,32,29666,6
3631,Male,19,24407,8
3632,Male,46,59634,47
3633,Female,40,88292,80
3634,Male,29,25615,6
3635,Male,36,135096,55
3636,Male,22,22399,18
3637,Female,47,55024,30
3638,Female,65,148191,93
3639,Male,44,50315,54
3640,Female,30,67845,59
3641,Male,33,60691,58
3642,Female,42,82625,75
3643,Male,39,75091,25
3644,Male,33,96617,64
3645,Male,55,142825,91
3646,Male,23,36972,22
3647,Male,19,27880,21
3648,Female,35,37662,7
3649,Female,46,92260,66
3650,Female,41,97849,52
3651,Male,29,53454,34
3652,Female,58,99375,54
3653,Male,50,90506,79
3654,Male,51,116216,51
3655,Male,18,20895,30
3656,Male,23,30567,29
3657,Male,33,26239,30
3658,Male,45,75325,43
3659,Female,39,83387,72
3660,Female,50,47546,52
3661,Male,30,57092,25
3662,Male,48,142492,81
3663,Male,27,25758,21
3664,Female,40,64867,22
3665,Male,26,41720,58
3666,Female,25,28561,17
3667,Female,35,124759,73
3668,Male,55,99655,74
3669,Female,22,33532,30
3670,Male,50,109864,73
3671,Female,30,60324,56
3672,Male,65,85488,95
3673,Male,33,141573,76
3674,Female,35,33440,19
3675,Male,23,37230,9
3676,Female,19,28775,8
3677,Male,28,74640,55
3678,Female,45,56951,31
3679,Female,41,56319,32
3680,Male,63,104600,91
3681,Male,32,57550,29
3682,Male,27,33109,28
3683,Male,56,120304,69
3684,Male,31,27953,29
3685,Male,38,74624,33
3686,Male,27,56505,49
3687,Male,45,59111,44
3688,Male,49,64488,38
3689,Female,25,33214,28
3690,Female,46,75616,31
3691,Female,20,20762,20
3692,Female,50,66947,37
3693,Male,62,149514,51
3694,Male,53,94282,65
3695,Female,48,61728,28
3696,Female,51,88064,52
3697,Male,48,87539,65
3698,Female,29,26846,11
3699,Male,37,121297,75
3700,Female,20,23348,8
3701,Male,37,141138,84
3702,Male,45,106033,87
3703,Male,61,105950,63
3704,Female,32,61169,22
3705,Female,20,22517,29
3706,Female,28,65515,49
3707,Male,30,148743,50
3708,Male,18,20870,23
3709,Male,28,67198,55
3710,Female,30,148664,65
3711,Female,45,70950,51
3712,Female,37,117178,96
3713,Female,30,27002,16
3714,Male,20,21898,14
3715,Female,27,37234,8
3716,Female,30,27580,21
3717,Female,43,41728,28
3718,Male,23,25590,11
3719,Female,32,27868,13
3720,Female,27,67411,25
3721,Female,22,29632,21
3722,Male,53,85616,90
3723,Female,40,55574,45
3724,Male,41,43038,26
3725,Male,57,96880,99
3726,Male,19,26322,21
3727,Male,37,65597,58
3728,Female,22,32657,26
3729,Male,24,30498,8
3730,Male,28,28323,16
3731,Female,42,73362,31
3732,Female,61,94257,90
3733,Male,45,76790,29
3734,Male,48,114574,97
3735,Male,27,27933,22
3736,Female,42,138645,71
3737,Male,35,35626,28
3738,Female,31,43022,34
3739,Female,33,96270,56
3740,Female,44,41183,23
3741,Male,48,88498,68
3742,Male,26,34847,23
3743,Female,47,79180,56
3744,Female,48,129265,85
3745,Female,27,37111,9
3746,Female,45,130344,59
3747,Female,48,93493,51
3748,Male,41,105487,62
3749,Male,27,27308,29
3750,Male,43,66490,55
3751,Male,42,41504,50
3752,Male,39,47714,46
3753,Male,41,137932,97
3754,Male,48,76808,34
3755,Male,36,79478,35
3756,Female,48,82293,50
3757,Female,29,47720,56
3758,Female,42,41962,29
3759,Male,64,127018,93
3760,Female,27,57435,55
3761,Male,52,129584,76
3762,Female,35,20489,20
3763,Female,24,24774,30
3764,Male,37,124151,66
3765,Male,42,66127,29
3766,Male,62,120729,67
3767,Male,33,25381,29
3768,Female,34,20213,18
3769,Female,26,44102,27
3770,Male,34,106484,55
3771,Male,31,123888,53
3772,Female,26,74590,59
3773,Female,20,29602,28
3774,Male,31,34848,29
3775,Female,42,148394,87
3776,Female,39,133888,53
3777,Female,26,29168,5
3778,Female,44,69012,38
3779,Female,32,21906,9
3780,Female,44,48521,28
3781,Female,20,38201,28
3782,Male,54,142146,53
3783,Female,46,88754,51
3784,Male,46,149931,54
3785,Male,32,26640,12
3786,Male,29,30295,27
3787,Female,30,31296,8
3788,Male,59,90374,50
3789,Male,20,23331,24
3790,Female,21,32446,12
3791,Female,28,36819,9
3792,Female,43,75790,42
3793,Male,24,26238,19
3794,Male,49,118892,66
3795,Male,50,102111,53
3796,Male,41,59268,22
3797,Male,34,58048,23
3798,Male,46,53427,36
3799,Male,42,70828,26
3800,Male,46,72745,52
3801,Male,18,22463,10
3802,Male,42,78600,31
3803,Female,46,105347,83
3804,Female,35,38760,15
3805,Female,44,137400,98
3806,Male,25,37673,8
3807,Female,56,121738,51
3808,Male,32,38757,28
3809,Female,42,78575,60
3810,Male,39,47798,50
3811,Male,32,72536,45
3812,Male,18,31963,17
3813,Female,23,25601,12
3814,Female,27,50434,45
3815,Male,35,30978,19
3816,Male,55,114722,86
3817,Male,63,89550,91
3818,Female,22,38698,15
3819,Female,26,78939,55
3820,Male,35,34088,14
3821,Male,19,24157,15
3822,Female,64,110120,77
3823,Female,38,118255,69
3824,Male,65,147135,90
3825,Female,48,91011,72
3826,Male,59,146523,98
3827,Male,35,137855,72
3828,Female,30,37824,19
3829,Male,42,52844,31
3830,Male,47,139245,74
3831,Female,59,88320,81
3832,Female,29,75518,59
3833,Female,39,145172,58
3834,Male,61,105710,97
3835,Male,50,149748,93
3836,Male,46,52205,60
3837,Male,47,43399,37
3838,Female,54,127232,74
3839,Male,32,139852,51
3840,Female,35,29161,10
3841,Female,33,57584,31
3842,Male,37,78901,32
3843,Male,30,59278,60
3844,Female,64,97445,97
3845,Male,31,54561,54
3846,Male,30,66535,36
3847,Female,41,122975,84
3848,Female,41,143347,71
3849,Male,23,38856,17
3850,Female,51,109133,83
3851,Female,34,27325,8
3852,Female,25,63973,51
3853,Female,35,76613,21
3854,Male,33,58828,34
3855,Male,21,30047,26
3856,Male,33,35768,10
3857,Male,28,37089,23
3858,Male,27,42470,43
3859,Female,27,60157,40
3860,Male,35,47046,40
3861,Male,23,27097,16
3862,Male,48,71185,53
3863,Male,32,33967,15
3864,Male,22,28708,27
3865,Male,26,45710,42
3866,Male,44,65095,53
3867,Male,60,148645,85
3868,Female,60,97253,50
3869,Female,32,48504,52
3870,Female,29,50668,41
3871,Female,35,43825,57
3872,Female,39,75318,37
3873,Female,33,24529,27
3874,Female,47,124208,84
3875,Female,53,135307,100
3876,Male,41,117753,82
3877,Female,27,47776,47
3878,Male,18,24460,6
3879,Male,29,30054,25
3880,Male,34,110420,65
3881,Male,50,95169,70
3882,Female,28,20182,15
3883,Female,24,37097,25
3884,Female,36,103874,68
3885,Female,41,74066,59
3886,Male,44,78432,51
3887,Female,38,54554,48
3888,Male,56,118360,59
3889,Male,34,32002,28
3890,Male,31,58868,24
3891,Male,21,37804,28
3892,Male,22,22061,11
3893,Male,49,80928,89
3894,Male,18,32358,7
3895,Male,40,57196,30
3896,Male,52,140710,51
3897,Female,41,66478,25
3898,Female,29,25920,20
3899,Female,48,57061,43
3900,Male,37,48891,29
3901,Female,44,49335,25
3902,Female,32,76293,26
3903,Female,23,38001,27
3904,Female,23,35360,7
3905,Male,42,108189,78
3906,Male,31,104398,70
3907,Female,24,25085,28
3908,Female,31,23303,30
3909,Male,49,89877,65
3910,Female,28,25457,25
3911,Female,64,112049,63
3912,Male,47,120378,76
3913,Male,48,70344,51
3914,Male,27,32880,12
3915,Female,46,123597,66
3916,Female,41,95267,78
3917,Male,23,26120,19
3918,Female,28,21816,12
3919,Female,37,145234,63
3920,Male,38,122844,87
3921,Male,18,24890,30
3922,Male,30,31937,28
3923,Male,41,104699,52
3924,Female,40,76320,58
3925,Female,62,145989,86
3926,Female,47,53800,43
3927,Male,35,27759,17
3928,Female,18,26618,13
3929,Female,20,32709,23
3930,Male,20,35080,16
3931,Male,20,38694,5
3932,Male,52,101951,92
3933,Female,24,29921,20
3934,Male,42,147027,53
3935,Male,31,38892,20
3936,Male,33,39447,7
3937,Male,19,33035,25
3938,Male,37,99895,63
3939,Male,31,35084,19
3940,Male,20,23773,8
3941,Male,28,66391,28
3942,Male,19,23963,19
3943,Female,63,124949,98
3944,Female,24,26486,6
3945,Female,57,105224,74
3946,Male,18,37568,26
3947,Male,49,59756,53
3948,Male,23,29242,8
3949,Female,50,41488,55
3950,Male,38,148788,71
3951,Female,38,122813,59
3952,Male,25,48441,57
3953,Female,52,128067,96
3954,Female,24,20040,27
3955,Male,33,39118,5
3956,Female,21,34867,9
3957,Female,29,33889,22
3958,Male,54,128062,69
3959,Male,26,20886,7
3960,Female,33,24615,6
3961,Male,23,31856,20
3962,Male,47,144861,53
3963,Male,58,88063,96
3964,Female,43,67931,21
3965,Male,22,24259,14
3966,Male,33,60934,30
3967,Male,19,29353,12
3968,Female,29,20552,17
3969,Female,53,139175,77
3970,Female,53,88504,78
3971,Male,38,58680,31
3972,Female,28,71429,28
3973,Male,25,68454,27
3974,Male,37,87785,100
3975,Female,18,26790,30
3976,Female,36,110127,78
3977,Female,40,45896,30
3978,Male,64,85586,50
3979,Male,58,128004,56
3980,Male,36,83995,71
3981,Male,31,45533,52
3982,Male,28,69685,35
3983,Male,35,55020,25
3984,Female,41,63666,37
3985,Male,50,53074,45
3986,Female,18,26440,5
3987,Female,35,31433,21
3988,Female,47,67912,47
3989,Male,31,41945,27
3990,Female,46,53039,32
3991,Female,26,34400,18
3992,Male,27,49759,42
3993,Female,38,111529,94
3994,Female,19,21051,13
3995,Female,28,67889,39
3996,Male,34,83268,100
3997,Female,33,34645,26
3998,Female,19,28267,5
3999,Male,64,110926,99
4000,Male,30,115331,70
4001,Male,50,88621,100
4002,Female,34,28372,6
4003,Female,55,145130,100
4004,Female,34,109318,62
4005,Female,37,137542,76
4006,Female,36,118353,76
4007,Female,24,24864,20
4008,Female,33,35893,23
4009,Female,23,27644,29
4010,Female,31,51994,52
4011,Male,58,94934,50
4012,Male,40,114617,77
4013,Female,32,27023,6
4014,Female,36,102482,55
4015,Female,18,25189,25
4016,Female,20,37883,12
4017,Female,62,147234,99
4018,Male,20,23668,19
4019,Male,48,146014,92
4020,Female,30,37911,13
4021,Male,40,98119,98
4022,Male,41,63334,52
4023,Female,62,137718,73
4024,Male,23,37665,6
4025,Female,26,75395,46
4026,Male,46,71016,25
4027,Female,20,32460,14
4028,Female,23,22753,21
4029,Female,40,115443,88
4030,Female,39,146150,79
4031,Male,33,142539,67
4032,Male,44,126483,95
4033,Female,50,45795,57
4034,Female,31,31619,6
4035,Female,41,112520,81
4036,Female,51,109377,96
4037,Female,49,47012,49
4038,Female,19,29596,24
4039,Male,54,117098,74
4040,Female,57,114711,51
4041,Male,34,73534,29
4042,Female,29,40761,55
4043,Female,22,32646,10
4044,Male,56,111871,67
4045,Female,25,36466,13
4046,Male,44,145773,89
4047,Female,33,49008,45
4048,Male,32,37275,24
4049,Male,44,41445,24
4050,Male,31,44840,27
4051,Male,45,79301,30
4052,Male,36,133396,64
4053,Male,25,66714,41
4054,Male,26,21434,15
4055,Male,49,61787,21
4056,Female,49,58246,39
4057,Male,21,28591,24
4058,Male,45,60832,22
4059,Female,47,117899,51
4060,Male,40,44140,50
4061,Male,46,96616,88
4062,Male,55,80373,79
4063,Female,20,28896,19
4064,Female,28,73880,34
4065,Female,55,104210,90
4066,Male,38,75777,59
4067,Female,65,131881,78
4068,Male,49,129959,94
4069,Female,43,62300,36
4070,Male,37,86461,57
4071,Female,33,103669,93
4072,Male,47,56147,44
4073,Male,27,47431,50
4074,Female,32,44054,58
4075,Female,28,33803,12
4076,Female,36,96484,82
4077,Female,44,64404,23
4078,Female,26,40503,21
4079,Female,34,29788,23
4080,Female,27,21538,17
4081,Female,65,115910,89
4082,Female,38,72604,23
4083,Female,30,57179,20
4084,Female,36,67760,51
4085,Female,25,75226,56
4086,Male,32,60901,32
4087,Female,32,48575,43
4088,Male,50,64986,28
4089,Male,47,62053,38
4090,Female,28,32992,24
4091,Female,18,21759,27
4092,Male,21,26119,10
4093,Female,49,51864,48
4094,Male,34,71060,45
4095,Male,37,44412,21
4096,Male,26,25795,27
4097,Female,34,32206,13
4098,Male,35,20200,5
4099,Female,41,78588,45
4100,Male,65,144819,58
4101,Male,29,25665,19
4102,Female,29,69236,46
4103,Male,20,33926,9
4104,Female,24,21752,21
4105,Female,28,35686,12
4106,Male,48,78583,44
4107,Male,36,76313,60
4108,Female,41,57349,31
4109,Male,35,24043,27
4110,Female,46,122506,73
4111,Female,31,21030,13
4112,Female,48,128159,91
4113,Male,31,49544,24
4114,Female,22,26342,27
4115,Male,44,75210,51
4116,Male,49,68730,45
4117,Male,23,29616,20
4118,Female,35,26279,22
4119,Female,34,102245,80
4120,Male,64,81653,53
4121,Female,45,130728,52
4122,Male,26,52737,44
4123,Female,41,75738,29
4124,Female,51,110072,64
4125,Male,21,21171,21
4126,Female,58,131948,80
4127,Male,57,88776,72
4128,Female,33,56652,43
4129,Male,26,68016,54
4130,Male,34,127399,80
4131,Female,28,76206,20
4132,Female,21,39521,9
4133,Female,46,147173,84
4134,Male,63,135782,82
4135,Female,49,87985,70
4136,Female,60,97412,56
4137,Male,33,49013,44
4138,Female,35,22934,28
4139,Male,41,113113,67
4140,Female,25,38243,23
4141,Male,25,37087,12
4142,Male,35,23693,20
4143,Male,43,50296,33
4144,Male,33,147460,95
4145,Male,21,24774,6
4146,Male,25,26065,10
4147,Female,34,22065,17
4148,Male,28,64864,22
4149,Male,54,143025,57
4150,Female,48,90959,62
4151,Male,34,46090,23
4152,Male,50,117927,91
4153,Male,62,91147,98
4154,Male,38,58111,55
4155,Female,27,30317,18
4156,Male,32,92800,50
4157,Female,59,82215,98
4158,Female,29,20114,13
4159,Female,58,129701,54
4160,Female,31,21509,18
4161,Male,27,57607,24
4162,Male,53,131509,69
4163,Male,44,91835,68
4164,Female,35,75497,26
4165,Male,60,115240,52
4166,Female,49,76811,32
4167,Male,31,75929,38
4168,Female,48,75015,56
4169,Male,32,32727,30
4170,Male,64,110681,77
4171,Male,46,74677,51
4172,Female,36,42007,57
4173,Female,32,31895,7
4174,Male,47,41531,58
4175,Female,20,20729,9
4176,Male,59,126990,90
4177,Male,34,40962,25
4178,Female,38,128305,54
4179,Male,41,61994,40
4180,Male,39,71893,38
4181,Female,61,98083,68
4182,Male,34,104232,56
4183,Female,44,46022,57
4184,Male,26,34278,10
4185,Male,33,39764,15
4186,Female,50,43499,36
4187,Female,28,48643,55
4188,Male,53,118489,81
4189,Male,49,68515,52
4190,Female,22,38939,9
4191,Male,47,40003,56
4192,Female,34,86524,90
4193,Male,31,31212,13
4194,Female,31,51251,28
4195,Female,41,51640,30
4196,Male,30,116699,53
4197,Male,45,74089,53
4198,Male,32,28579,12
4199,Female,20,33752,17
4200,Female,20,35776,6
4201,Female,35,87733,57
4202,Male,32,25832,30
4203,Female,50,91294,61
4204,Female,29,21429,12
4205,Male,22,38661,11
4206,Female,20,35151,30
4207,Female,30,121144,50
4208,Female,41,45676,56
4209,Male,48,122890,64
4210,Male,59,148406,76
4211,Female,29,62584,58
4212,Female,49,70947,27
4213,Female,62,91546,59
4214,Male,35,30186,7
4215,Female,32,89269,66
4216,Female,29,25037,29
4217,Female,20,26002,19
4218,Male,32,31794,13
4219,Male,38,49921,53
4220,Male,42,57891,47
4221,Male,58,136264,62
4222,Male,49,112947,84
4223,Male,41,119798,70
4224,Male,37,59524,28
4225,Female,26,61888,48
4226,Female,37,43284,43
4227,Female,52,123982,55
4228,Male,31,50450,56
4229,Female,32,81275,84
4230,Female,26,47021,51
4231,Male,36,83611,64
4232,Female,32,23280,29
4233,Female,18,39694,9
4234,Male,46,69175,44
4235,Male,40,103219,90
4236,Female,32,64310,40
4237,Male,41,90899,50
4238,Female,41,97725,78
4239,Male,33,126837,50
4240,Male,27,43327,40
4241,Female,48,54063,31
4242,Female,58,114030,90
4243,Female,27,34354,6
4244,Female,24,34514,9
4245,Female,52,86490,95
4246,Male,44,83676,92
4247,Male,30,20318,14
4248,Male,31,40799,57
4249,Male,29,29090,9
4250,Female,19,34038,21
4251,Male,35,22359,14
4252,Female,23,31036,22
4253,Female,36,55966,56
4254,Male,29,21497,17
4255,Male,31,21943,20
4256,Female,55,82519,86
4257,Female,34,87705,84
4258,Male,60,137571,66
4259,Female,60,111671,82
4260,Male,43,96424,92
4261,Female,49,117876,87
4262,Female,18,20672,17
4263,Female,49,64705,30
4264,Female,31,40527,30
4265,Female,33,22388,11
4266,Male,29,56718,45
4267,Female,39,46931,54
4268,Male,19,39074,25
4269,Male,44,99588,100
4270,Male,28,61694,24
4271,Female,32,84187,91
4272,Male,52,86081,65
4273,Male,62,134264,66
4274,Female,21,24963,7
4275,Male,32,69102,28
4276,Female,39,61922,41
4277,Male,30,77066,25
4278,Female,49,135508,60
4279,Male,25,27567,18
4280,Female,32,24635,16
4281,Female,34,104449,66
4282,Male,47,41616,58
4283,Female,21,34579,7
4284,Male,35,27394,5
4285,Male,23,34137,8
4286,Male,34,31553,30
4287,Female,30,144072,93
4288,Male,57,92381,56
4289,Female,43,137216,84
4290,Female,42,76060,25
4291,Male,60,140784,60
4292,Male,41,76438,22
4293,Male,40,55488,54
4294,Male,30,37940,24
4295,Female,41,142861,82
4296,Male,26,60381,26
4297,Male,23,35622,5
4298,Female,24,38061,24
4299,Male,44,96706,58
4300,Female,20,28256,13
4301,Male,45,58268,33
4302,Female,37,148799,54
4303,Male,44,77832,32
4304,Male,30,96584,58
4305,Male,33,107244,67
4306,Female,22,24299,27
4307,Male,29,63538,26
4308,Male,26,52711,28
4309,Female,26,61985,46
4310,Female,25,52913,23
4311,Female,58,110252,79
4312,Male,43,66075,26
4313,Male,18,22327,25
4314,Male,56,91751,93
4315,Male,37,59564,58
4316,Male,34,39072,11
4317,Female,25,28639,28
4318,Male,30,32684,10
4319,Female,42,90637,57
4320,Female,41,40916,23
4321,Female,36,76515,46
4322,Female,37,42659,34
4323,Female,34,22756,30
4324,Female,26,63702,39
4325,Female,45,59693,22
4326,Male,31,65658,39
4327,Male,56,109454,72
4328,Female,37,79617,30
4329,Male,23,24242,17
4330,Male,27,47698,38
4331,Male,50,54184,46
4332,Female,65,125026,94
4333,Male,28,49915,52
4334,Female,36,144617,97
4335,Male,27,27867,27
4336,Male,46,129842,64
4337,Female,45,124411,58
4338,Female,36,52232,23
4339,Female,44,110913,65
4340,Male,25,21138,7
4341,Female,63,127951,81
4342,Female,26,32250,16
4343,Female,47,131171,81
4344,Female,43,66304,37
4345,Female,25,31812,18
4346,Female,47,141890,75
4347,Female,54,145901,54
4348,Male,22,29186,7
4349,Male,36,58713,21
4350,Male,49,123521,82
4351,Male,49,52148,45
4352,Female,43,64327,44
4353,Male,30,69273,27
4354,Male,26,34850,9
4355,Male,28,78568,37
4356,Female,34,48030,23
4357,Male,45,105613,100
4358,Female,34,47624,40
4359,Female,32,21829,23
4360,Male,25,35004,8
4361,Female,21,37503,20
4362,Female,21,24655,7
4363,Female,35,138541,85
4364,Female,31,50251,43
4365,Female,57,103097,82
4366,Male,46,57501,51
4367,Male,24,36292,25
4368,Female,63,83318,76
4369,Female,44,99344,78
4370,Female,43,48654,47
4371,Male,56,122456,62
4372,Male,28,40223,37
4373,Female,52,86113,59
4374,Female,31,88242,73
4375,Male,32,148045,52
4376,Male,23,35854,28
4377,Female,23,30131,15
4378,Male,37,105541,77
4379,Male,44,119468,86
4380,Male,34,33041,30
4381,Male,26,50779,32
4382,Male,29,32389,16
4383,Male,41,131218,96
4384,Male,61,104443,100
4385,Female,48,48376,43
4386,Male,45,107945,59
4387,Male,25,34506,27
4388,Female,30,102846,68
4389,Male,50,54552,42
4390,Male,31,27426,18
4391,Female,32,125876,80
4392,Male,35,21604,19
4393,Female,54,104567,88
4394,Female,23,36569,11
4395,Male,18,23233,20
4396,Male,21,32990,16
4397,Female,35,103971,81
4398,Female,64,114359,66
4399,Female,35,53127,48
4400,Male,24,24756,11
4401,Male,34,25288,5
4402,Female,46,118277,59
4403,Female,41,100222,61
4404,Female,37,43746,31
4405,Male,19,32176,17
4406,Male,45,142755,54
4407,Female,47,87264,75
4408,Female,32,46851,20
4409,Female,44,121321,85
4410,Male,28,38405,9
4411,Female,44,89402,99
4412,Female,19,33149,21
4413,Female,44,132336,86
4414,Female,54,127890,54
4415,Female,60,116287,52
4416,Male,43,56477,24
4417,Female,53,88820,55
4418,Female,34,115083,54
4419,Male,33,68066,21
4420,Female,43,129279,87
4421,Male,40,75856,42
4422,Male,18,35635,30
4423,Male,23,28310,18
4424,Female,34,81954,89
4425,Female,20,24454,9
4426,Female,25,26612,29
4427,Female,59,132891,84
4428,Female,43,42381,53
4429,Female,23,22431,18
4430,Male,27,55160,58
4431,Male,30,34347,26
4432,Female,47,62224,56
4433,Male,52,135096,65
4434,Male,42,120470,57
4435,Male,51,130099,69
4436,Male,28,36793,10
4437,Male,19,24742,10
4438,Female,52,89077,51
4439,Female,33,64781,38
4440,Male,25,71453,23
4441,Female,35,33790,19
4442,Female,42,60262,47
4443,Female,43,59512,48
4444,Female,38,45834,32
4445,Female,47,67959,22
4446,Male,25,42164,46
4447,Female,47,60626,34
4448,Female,30,21233,13
4449,Male,59,104441,78
4450,Female,29,38528,9
4451,Female,24,30521,6
4452,Female,30,141073,61
4453,Male,30,47216,53
4454,Female,46,67100,33
4455,Female,27,55385,40
4456,Female,55,123961,72
4457,Female,32,68483,39
4458,Female,48,59146,34
4459,Female,34,113737,100
4460,Male,55,95900,86
4461,Female,46,111779,67
4462,Female,43,54838,37
4463,Male,41,41125,55
4464,Female,19,27357,23
4465,Female,38,135067,88
4466,Female,64,108642,91
4467,Male,23,28165,8
4468,Male,38,138398,53
4469,Female,19,35687,20
4470,Female,36,73985,32
4471,Female,53,134106,71
4472,Male,38,97289,52
4473,Female,27,21406,13
4474,Male,27,65002,29
4475,Female,31,87157,59
4476,Female,21,24468,11
4477,Female,36,65787,53
4478,Female,28,30838,25
4479,Male,31,38198,30
4480,Female,34,108626,66
4481,Female,42,119104,66
4482,Male,32,65420,25
4483,Male,35,37761,16
4484,Female,23,29719,11
4485,Male,19,24447,12
4486,Female,34,69983,31
4487,Male,45,53625,26
4488,Female,46,55203,48
4489,Male,64,131936,51
4490,Female,39,121129,86
4491,Male,26,78179,29
4492,Male,58,143870,68
4493,Female,31,57268,22
4494,Male,19,30437,9
4495,Male,33,128052,60
4496,Female,57,116743,75
4497,Male,28,34694,28
4498,Male,22,26587,21
4499,Male,30,110641,58
4500,Male,30,30819,23
4501,Male,18,26698,12
4502,Female,26,26464,18
4503,Female,48,44438,27
4504,Female,25,63933,48
4505,Female,29,35675,29
4506,Female,23,21856,13
4507,Male,20,21836,10
4508,Male,61,113857,60
4509,Male,26,27103,27
4510,Female,35,24163,14
4511,Female,18,39055,7
4512,Male,40,101370,92
4513,Female,36,43415,23
4514,Female,46,134209,92
4515,Female,60,93315,91
4516,Male,38,57068,26
4517,Male,37,43279,43
4518,Female,39,137764,100
4519,Male,51,99442,82
4520,Male,28,25097,24
4521,Female,54,124989,75
4522,Male,62,113386,96
4523,Male,25,35907,25
4524,Male,49,77578,24
4525,Male,20,24259,7
4526,Male,32,37397,21
4527,Male,35,31359,18
4528,Female,59,89690,53
4529,Male,50,42362,60
4530,Female,52,99798,56
4531,Female,41,126525,88
4532,Male,61,94338,56
4533,Female,33,24656,17
4534,Male,35,27219,19
4535,Male,29,20703,14
4536,Female,30,23702,10
4537,Female,46,122008,87
4538,Male,18,26399,27
4539,Female,27,29499,14
4540,Female,34,29985,21
4541,Female,30,123331,67
4542,Female,18,25446,16
4543,Female,34,125791,89
4544,Male,33,34686,13
4545,Male,45,67992,33
4546,Female,56,121488,64
4547,Female,33,34822,20
4548,Male,29,25243,23
4549,Female,20,33708,17
4550,Male,39,90972,88
4551,Female,23,32087,9
4552,Female,28,22337,29
4553,Female,22,21377,23
4554,Female,37,78113,34
4555,Female,22,35180,25
4556,Female,23,29720,6
4557,Male,35,44980,36
4558,Male,36,124517,62
4559,Male,44,94020,91
4560,Male,35,28932,12
4561,Male,23,22742,9
4562,Female,29,22499,28
4563,Male,53,94765,84
4564,Female,38,75614,54
4565,Male,25,59526,26
4566,Male,46,122823,85
4567,Male,34,60270,28
4568,Female,23,32722,23
4569,Female,40,74368,35
4570,Female,54,122898,90
4571,Male,48,66168,39
4572,Female,38,137061,63
4573,Male,37,103631,89
4574,Male,39,137162,61
4575,Male,18,25997,14
4576,Female,23,29316,24
4577,Female,37,108437,68
4578,Female,35,94669,80
4579,Male,26,33312,23
4580,Male,62,101087,94
4581,Male,18,38007,6
4582,Male,38,67672,21
4583,Female,33,80279,50
4584,Male,35,25285,15
4585,Male,42,131908,56
4586,Female,35,43041,31
4587,Male,25,37349,22
4588,Female,47,76251,30
4589,Female,33,102402,53
4590,Male,47,74995,47
4591,Male,32,68583,34
4592,Female,62,107106,89
4593,Female,43,106718,80
4594,Male,62,90918,71
4595,Female,41,132755,75
4596,Female,31,28120,22
4597,Male,20,20026,11
4598,Male,40,146301,62
4599,Male,36,99969,93
4600,Male,39,52244,58
4601,Male,50,142504,95
4602,Male,40,71606,44
4603,Female,57,85694,98
4604,Male,30,101895,90
4605,Male,45,114917,99
4606,Female,59,96703,88
4607,Male,39,47653,52
4608,Male,38,78890,57
4609,Female,52,119178,92
4610,Female,22,20545,27
4611,Female,47,64159,45
4612,Female,21,31596,9
4613,Male,34,53378,59
4614,Female,32,61374,58
4615,Female,30,137036,98
4616,Male,38,119041,87
4617,Male,45,57571,50
4618,Female,57,134002,87
4619,Male,30,34348,20
4620,Female,65,80504,100
4621,Female,33,72638,55
4622,Male,55,117254,67
4623,Male,62,105367,69
4624,Female,32,70280,38
4625,Male,43,125005,75
4626,Male,49,59199,57
4627,Male,35,59006,20
4628,Female,55,147471,50
4629,Female,19,23875,10
4630,Female,19,35030,17
4631,Male,44,76233,23
4632,Female,47,103480,84
4633,Male,28,74084,34
4634,Female,32,104897,71
4635,Female,42,75445,35
4636,Female,42,46945,42
4637,Female,22,20477,19
4638,Male,18,21548,11
4639,Female,54,125208,98
4640,Male,29,39404,25
4641,Male,30,31712,14
4642,Female,42,114217,78
4643,Female,43,69414,23
4644,Female,37,82556,83
4645,Male,19,33580,5
4646,Male,57,106744,73
4647,Female,26,27566,14
4648,Male,44,48619,58
4649,Female,33,71716,41
4650,Female,53,132542,60
4651,Male,22,32380,30
4652,Female,29,30603,24
4653,Male,35,48973,47
4654,Male,21,25924,24
4655,Female,31,55460,60
4656,Female,33,41926,51
4657,Female,34,65480,54
4658,Male,53,122687,88
4659,Male,50,137288,60
4660,Male,25,37510,15
4661,Female,29,45363,38
4662,Male,43,125573,56
4663,Male,30,87386,97
4664,Male,46,48370,31
4665,Male,25,35476,29
4666,Female,61,140727,60
4667,Male,45,75131,54
4668,Female,65,125417,70
4669,Female,40,122562,61
4670,Female,22,31346,27
4671,Female,21,33306,21
4672,Female,44,64133,25
4673,Male,28,21793,6
4674,Female,44,60218,25
4675,Female,34,69760,37
4676,Male,24,31997,16
4677,Male,41,68728,38
4678,Female,36,47804,57
4679,Female,42,140222,66
4680,Male,32,106630,71
4681,Male,42,73459,21
4682,Female,34,24089,11
4683,Male,24,22249,12
4684,Male,41,42453,50
4685,Male,52,88954,100
4686,Male,40,75606,32
4687,Female,38,76362,31
4688,Male,50,88204,61
4689,Male,38,60036,40
4690,Male,40,54839,52
4691,Female,21,36773,16
4692,Female,42,142700,68
4693,Female,27,72542,50
4694,Female,40,129663,87
4695,Male,49,88559,64
4696,Female,43,48949,58
4697,Male,33,68181,41
4698,Male,32,83800,57
4699,Male,60,124601,64
4700,Male,51,110664,60
4701,Female,64,91139,88
4702,Male,48,148428,68
4703,Female,54,118641,67
4704,Male,53,140007,78
4705,Female,61,128619,71
4706,Male,63,96569,97
4707,Male,41,86729,59
4708,Male,39,78260,54
4709,Male,34,29805,22
4710,Male,35,139225,79
4711,Female,41,78050,39
4712,Male,50,46480,37
4713,Female,49,72528,30
4714,Male,35,93737,61
4715,Female,43,83890,83
4716,Male,28,75151,25
4717,Female,64,144446,55
4718,Male,25,77777,21
4719,Male,32,34591,23
4720,Female,29,60684,55
4721,Female,31,78351,34
4722,Male,34,30259,22
4723,Female,30,140906,99
4724,Male,30,24146,5
4725,Male,25,38863,30
4726,Female,35,28146,9
4727,Female,45,48808,40
4728,Male,31,27974,6
4729,Male,50,149614,84
4730,Female,32,96124,68
4731,Female,27,24444,11
4732,Female,20,33122,15
4733,Female,30,32422,9
4734,Female,29,27111,21
4735,Male,43,112157,72
4736,Female,30,87910,90
4737,Female,57,122173,55
4738,Male,58,118259,92
4739,Male,30,30954,17
4740,Female,41,143877,72
4741,Male,30,23318,14
4742,Male,46,42791,28
4743,Male,30,71860,49
4744,Female,31,37848,29
4745,Female,35,40307,35
4746,Female,20,37079,17
4747,Male,47,44501,46
4748,Male,32,23435,15
4749,Female,45,75088,39
4750,Male,36,42808,27
4751,Male,35,38357,5
4752,Male,25,54024,36
4753,Male,31,67505,47
4754,Female,46,93428,90
4755,Male,59,115466,57
4756,Female,43,121548,51
4757,Female,56,85885,81
4758,Male,45,79768,20
4759,Female,35,36569,29
4760,Female,59,146734,98
4761,Female,28,62977,35
4762,Male,38,139464,81
4763,Female,31,57424,21
4764,Female,36,95704,98
4765,Male,31,42301,39
4766,Female,63,146044,54
4767,Female,33,37969,19
4768,Female,44,109156,63
4769,Female,39,71122,20
4770,Male,18,27620,24
4771,Female,52,94774,62
4772,Female,35,26104,9
4773,Male,26,31425,30
4774,Male,20,28584,25
4775,Female,19,22785,28
4776,Female,29,70266,20
4777,Female,25,44344,23
4778,Male,36,115666,86
4779,Male,29,28871,29
4780,Female,33,89867,89
4781,Male,36,120575,90
4782,Male,35,29078,19
4783,Female,39,142215,97
4784,Male,38,77639,33
4785,Female,20,32228,20
4786,Female,27,26079,5
4787,Male,41,108047,76
4788,Male,19,37484,6
4789,Male,41,65072,47
4790,Female,43,130001,53
4791,Female,35,24892,17
4792,Male,33,102260,59
4793,Male,28,39482,29
4794,Male,48,67138,28
4795,Male,42,127237,76
4796,Female,32,31107,20
4797,Male,21,21963,20
4798,Female,18,30929,5
4799,Male,20,35121,11
4800,Male,40,139175,60
4801,Male,35,26691,17
4802,Female,60,146757,54
4803,Male,30,49341,27
4804,Female,47,60723,37
4805,Male,21,36252,23
4806,Female,60,88965,50
4807,Male,32,60079,46
4808,Male,27,27391,14
4809,Female,22,31814,7
4810,Male,28,24720,10
4811,Male,35,115373,59
4812,Female,49,115598,97
4813,Male,37,51815,59
4814,Female,31,25984,25
4815,Female,32,46184,28
4816,Female,45,45170,49
4817,Female,38,83159,67
4818,Male,64,127066,72
4819,Male,29,42428,26
4820,Male,50,94475,84
4821,Female,35,34085,17
4822,Female,46,134214,80
4823,Female,38,135220,63
4824,Female,25,43852,52
4825,Male,33,69896,21
4826,Male,27,76535,56
4827,Male,61,84263,68
4828,Male,27,34325,6
4829,Male,48,77439,53
4830,Male,48,79841,60
4831,Female,25,30683,13
4832,Male,47,137284,78
4833,Female,37,100672,64
4834,Male,38,57977,31
4835,Male,40,81275,54
4836,Female,22,36110,5
4837,Male,31,40097,33
4838,Female,18,20675,22
4839,Male,30,29558,19
4840,Male,30,94579,50
4841,Male,21,28261,17
4842,Male,20,38993,17
4843,Female,33,24550,11
4844,Male,59,149721,97
4845,Female,42,40583,41
4846,Female,65,90774,77
4847,Male,32,65461,22
4848,Male,34,39553,13
4849,Male,21,34239,8
4850,Male,28,45405,53
4851,Female,46,46059,58
4852,Male,51,113965,82
4853,Male,39,120507,51
4854,Female,30,114049,54
4855,Female,25,30614,13
4856,Female,39,41964,40
4857,Female,48,112818,87
4858,Male,39,68307,29
4859,Female,35,21918,9
4860,Male,38,82101,95
4861,Male,39,146452,58
4862,Male,48,138554,50
4863,Female,26,49223,53
4864,Female,61,89178,66
4865,Female,25,35321,30
4866,Male,56,105251,69
4867,Male,32,31286,5
4868,Male,30,45714,59
4869,Female,65,98283,94
4870,Female,21,37988,26
4871,Male,28,25789,16
4872,Male,28,66055,22
4873,Male,30,79427,34
4874,Male,38,67949,21
4875,Male,35,24187,12
4876,Male,25,45679,25
4877,Female,31,24166,7
4878,Female,18,24099,25
4879,Female,30,129055,81
4880,Female,32,61305,36
4881,Male,34,43014,31
4882,Female,32,67457,60
4883,Male,28,41648,59
4884,Female,25,55505,43
4885,Male,49,106864,81
4886,Female,36,55392,55
4887,Male,31,36094,22
4888,Male,21,30415,28
4889,Male,37,52010,48
4890,Female,56,131378,95
4891,Female,29,66226,28
4892,Female,31,34481,22
4893,Female,48,115332,80
4894,Male,19,25231,25
4895,Male,26,40985,46
4896,Female,62,119755,86
4897,Female,29,49540,35
4898,Female,34,53728,23
4899,Male,54,134955,85
4900,Female,20,24941,15
4901,Male,48,79623,42
4902,Male,43,56828,31
4903,Male,50,58114,38
4904,Male,33,23312,29
4905,Female,63,90526,59
4906,Female,31,20082,12
4907,Male,27,31054,21
4908,Female,63,88489,83
4909,Female,64,135020,51
4910,Female,49,57017,21
4911,Male,19,23301,10
4912,Female,27,32159,11
4913,Male,25,26110,5
4914,Female,33,132618,69
4915,Male,33,27855,9
4916,Male,54,146222,53
4917,Male,19,25346,27
4918,Male,32,39486,22
4919,Male,26,22931,6
4920,Male,33,29758,8
4921,Female,21,36265,23
4922,Male,32,134387,99
4923,Female,39,130849,98
4924,Male,62,86675,66
4925,Female,59,117341,83
4926,Male,45,40617,27
4927,Female,28,34337,12
4928,Female,37,101711,51
4929,Female,34,38288,26
4930,Female,60,80453,58
4931,Male,44,87371,79
4932,Male,38,46932,21
4933,Male,39,141601,58
4934,Female,46,130357,80
4935,Female,24,37546,20
4936,Male,32,21321,18
4937,Male,27,25965,22
4938,Male,52,128016,79
4939,Female,26,25561,26
4940,Male,24,24422,17
4941,Male,30,23982,23
4942,Female,46,79483,44
4943,Male,37,57011,50
4944,Male,46,68998,42
4945,Female,32,47759,56
4946,Male,35,98617,70
4947,Male,56,95130,69
4948,Male,25,44764,50
4949,Female,29,26475,6
4950,Male,24,29242,27
4951,Female,38,109115,68
4952,Male,44,88645,51
4953,Male,48,47021,47
4954,Male,25,30367,6
4955,Female,20,32068,17
4956,Female,65,127805,74
4957,Female,32,56060,59
4958,Male,35,30153,7
4959,Female,18,30677,8
4960,Female,33,67565,29
4961,Female,37,135638,70
4962,Male,28,38081,15
4963,Female,20,37891,19
4964,Female,29,46454,34
4965,Female,62,145241,56
4966,Male,29,57012,44
4967,Female,40,140536,64
4968,Female,27,25030,30
4969,Female,49,64235,37
4970,Female,29,70707,22
4971,Female,21,34468,5
4972,Male,34,22003,19
4973,Female,50,65183,36
4974,Male,60,110130,92
4975,Female,33,23201,15
4976,Male,18,37369,29
4977,Female,27,59431,39
4978,Male,41,140164,74
4979,Female,23,38436,15
4980,Female,37,74608,29
4981,Male,34,38186,14
4982,Male,38,67303,36
4983,Male,30,34592,26
4984,Male,20,35670,27
4985,Female,48,53647,55
4986,Female,47,67365,28
4987,Female,43,96433,83
4988,Male,60,146053,88
4989,Female,50,41979,36
4990,Female,41,110638,53
4991,Female,33,55421,20
4992,Male,22,37197,20
4993,Female,35,134803,70
4994,Female,49,56867,20
4995,Male,31,30540,19
4996,Female,62,142087,88
4997,Male,36,62216,36
4998,Male,43,45044,21
4999,Female,39,114035,61
5000,Male,22,33187,19
